LocationID,SessionID,GroupID,RecordID,start_time,end_time,traffic_noise,other_noise,human_sounds,natural_sounds,PAQ1,PAQ2,PAQ3,PAQ4,PAQ5,PAQ6,PAQ7,PAQ8,overall_sound_environment,appropriate,perceived_loud,visit_often,like_to_visit,age,gender,free_response,tourist_local,LAeq,LA10,LA90,LCeq,N5,sharpness,roughness,tonality,ISOPleasant,ISOEventful
CamdenTown,CamdenTown1,CT101,525,2019-05-02 11:40:44,2019-05-02 11:43:24,4,3,3,2,2,3,4,4,2,3,2,1,2,3,4,1,2,23,Male,,,69.93,72.43,64.67,77.85,30.8,2.09,0.0363,0.304,-0.219669914110089,0.426776695296637
CamdenTown,CamdenTown1,CT101,526,2019-05-02 11:41:57,2019-05-02 11:44:21,3,1,2,1,4,3,3,3,4,2,2,2,3,4,2,1,3,22,Male,,,69.93,72.43,64.67,77.85,30.8,2.09,0.0363,0.304,0.0000000000000000574836792573273,0.25
CamdenTown,CamdenTown1,CT101,561,2019-05-02 11:40:44,2019-05-02 11:43:24,4,3,4,2,3,2,2,4,4,4,1,1,3,2,4,1,3,24,Female,,Tourist,69.93,72.43,64.67,77.85,30.8,2.09,0.0363,0.304,-0.469669914110089,0.176776695296637
CamdenTown,CamdenTown1,CT102,560,2019-05-02 11:50:10,2019-05-02 11:53:03,3,2,4,1,4,2,2,2,3,5,5,5,2,4,3,1,2,28,Male,,Tourist,70.6,73.72,65.11,77.21,33.2,2.14,0.043,0.252,0.103553390593274,-0.75
CamdenTown,CamdenTown1,CT103,527,2019-05-02 11:49:06,2019-05-02 11:54:24,4,2,4,1,3,5,4,4,2,1,1,2,3,4,3,3,3,56,Male,,,66.36,68.36,64.39,74.23,24.6,1.98,0.0367,0.184,0.25,0.75
CamdenTown,CamdenTown1,CT104,528,2019-05-02 11:52:06,2019-05-02 12:03:49,4,3,2,1,2,5,4,4,2,2,1,2,2,3,4,2,3,18,Male,,,72.4,75.51,68.39,78.65,38.6,2.37,0.0416,0.202,0.0732233047033632,0.676776695296637
CamdenTown,CamdenTown1,CT105,529,2019-05-02 11:56:04,2019-05-02 12:09:12,4,3,4,2,4,4,4,5,3,3,2,2,4,3,3,2,3,24,Female,,,,,,,,,,,-0.0428932188134524,0.5
CamdenTown,CamdenTown1,CT105,555,2019-05-02 11:56:04,2019-05-02 12:09:12,4,2,4,1,3,3,2,1,3,2,5,5,3,2,4,3,3,27,Female,,Local,,,,,,,,,0.366116523516816,-0.530330085889911
CamdenTown,CamdenTown1,CT106,530,2019-05-02 12:07:56,2019-05-02 12:12:31,4,2,2,1,2,4,2,4,4,2,4,2,3,2,4,4,3,30,Male,,,,,,,,,,,-0.207106781186547,0.085786437626905
CamdenTown,CamdenTown1,CT107,559,2019-05-02 12:20:17,2019-05-02 12:25:17,4,3,3,2,4,4,3,4,4,1,3,2,4,4,3,4,4,64,Male,,Local,68.11,71.48,62.92,76.18,29.3,2.03,0.0376,0.262,0.0732233047033632,0.366116523516816
CamdenTown,CamdenTown1,CT108,531,2019-05-02 12:10:52,2019-05-02 12:26:45,3,2,2,1,3,3,3,3,3,3,3,1,3,3,3,1,2,63,Female,,,70.57,73.88,64.87,77.57,33.9,2.22,0.0403,0.176,-0.146446609406726,0.146446609406726
CamdenTown,CamdenTown1,CT109,532,2019-05-02 12:16:07,2019-05-02 12:28:19,4,3,5,1,3,5,5,5,2,1,1,1,4,5,5,3,5,19,Female,,,69.63,72.64,65.9,76.59,30,2.08,0.0409,0.26,0.103553390593274,1
CamdenTown,CamdenTown1,CT109,557,2019-05-02 12:16:07,2019-05-02 12:28:19,3,1,3,1,4,3,4,5,3,3,3,2,2,3,4,3,4,19,Female,,Local,69.63,72.64,65.9,76.59,30,2.08,0.0409,0.26,-0.116116523516816,0.323223304703363
CamdenTown,CamdenTown1,CT109,558,2019-05-02 12:16:07,2019-05-02 12:28:19,5,3,4,2,3,2,4,4,3,2,2,2,2,3,5,3,4,19,Female,,Local,69.63,72.64,65.9,76.59,30,2.08,0.0409,0.26,-0.146446609406726,0.353553390593274
CamdenTown,CamdenTown1,CT110,556,2019-05-02 12:38:10,2019-05-02 12:41:01,3,4,2,3,3,1,3,1,4,2,1,3,3,4,3,1,3,22,Male,,Tourist,68.7,73.17,62.1,76.47,33.8,2.1,0.0376,0.173,-0.0303300858899106,-0.0125631329235418
CamdenTown,CamdenTown1,CT111,533,2019-05-02 12:29:42,2019-05-02 12:58:56,4,4,3,1,1,4,1,4,5,5,4,5,2,3,3,1,3,59,Female,,,,,,,,,,,-0.414213562373095,-0.457106781186548
CamdenTown,CamdenTown1,CT111,552,2019-05-02 12:29:42,2019-05-02 12:58:56,4,2,3,2,2,1,1,5,3,4,4,1,2,3,4,1,2,67,Male,,Tourist,,,,,,,,,-0.616116523516816,-0.237436867076458
CamdenTown,CamdenTown1,CT112,534,2019-05-02 12:29:22,2019-05-02 12:55:54,5,4,5,1,2,5,5,5,2,1,1,2,2,5,4,4,3,20,Female,,,69.74,74.25,61.86,78.29,34.3,2.03,0.0371,0.278,0.0732233047033633,0.926776695296637
CamdenTown,CamdenTown1,CT112,554,2019-05-02 12:29:22,2019-05-02 12:55:54,5,4,3,1,2,3,4,5,3,3,2,1,2,4,5,3,2,20,Female,,Local,69.74,74.25,61.86,78.29,34.3,2.03,0.0371,0.278,-0.396446609406726,0.5
CamdenTown,CamdenTown1,CT113,535,2019-05-02 12:57:15,2019-05-02 13:06:47,4,1,3,2,4,5,5,2,4,2,4,2,3,3,3,1,3,49,Female,,,69.05,70.64,65.56,80.2,30.4,2.27,0.0384,0.534,0.219669914110089,0.323223304703363
CamdenTown,CamdenTown1,CT113,553,2019-05-02 12:57:15,2019-05-02 13:06:47,4,3,3,1,4,4,2,3,1,1,3,1,3,3,4,3,3,49,Male,,Tourist,69.05,70.64,65.56,80.2,30.4,2.27,0.0384,0.534,0.383883476483184,0.262563132923542
CamdenTown,CamdenTown1,CT114,536,2019-05-02 13:02:47,2019-05-02 13:07:03,4,3,3,1,2,4,5,4,3,2,1,1,3,4,3,5,3,42,Female,,,65.89,68.77,62.52,74.04,25.2,1.9,0.0351,0.155,-0.176776695296637,0.780330085889911
CamdenTown,CamdenTown1,CT115,537,2019-05-02 13:09:09,2019-05-02 13:13:52,4,4,3,2,3,5,5,4,4,4,1,3,3,1,2,3,4,26,Female,,,,,,,,,,,-0.103553390593274,0.560660171779821
CamdenTown,CamdenTown1,CT115,551,2019-05-02 13:09:09,2019-05-02 13:13:52,4,3,4,2,2,4,4,5,3,4,3,2,3,3,4,3,3,25,Female,,Tourist,,,,,,,,,-0.323223304703363,0.323223304703363
CamdenTown,CamdenTown1,CT116,538,2019-05-02 13:20:24,2019-05-02 13:23:30,4,4,2,1,2,3,5,4,2,3,1,2,3,2,3,5,2,60,Male,Ambulances are far too loud,,71.28,74.7,66.06,77.97,39.8,2.11,0.0522,0.251,-0.146446609406726,0.560660171779821
CamdenTown,CamdenTown1,CT116,550,2019-05-02 13:20:24,2019-05-02 13:23:30,2,1,2,2,3,1,4,4,4,3,4,2,3,4,3,5,3,38,Male,,Local,71.28,74.7,66.06,77.97,39.8,2.11,0.0522,0.251,-0.396446609406726,0.0000000000000000689804151087928
CamdenTown,CamdenTown1,CT117,539,2019-05-02 13:09:18,2019-05-02 13:24:01,4,4,3,2,2,4,4,4,2,1,3,1,4,4,4,1,4,21,Female,Lively,,69.23,72.63,64.45,79.09,31.9,2.04,0.0394,0.295,0.0000000000000000689804151087928,0.542893218813453
CamdenTown,CamdenTown1,CT117,549,2019-05-02 13:09:18,2019-05-02 13:24:01,3,4,5,1,1,4,3,3,4,4,1,1,3,2,3,3,3,21,Female,,Other,69.23,72.63,64.45,79.09,31.9,2.04,0.0394,0.295,-0.457106781186548,0.353553390593274
CamdenTown,CamdenTown1,CT118,540,2019-05-02 13:26:42,2019-05-02 13:32:55,3,2,4,1,3,2,3,2,2,3,3,3,3,2,4,1,3,24,Male,,,,,,,,,,,0.103553390593274,-0.146446609406726
CamdenTown,CamdenTown1,CT118,548,2019-05-02 13:26:42,2019-05-02 13:32:55,3,2,3,1,5,4,5,4,2,5,4,3,4,3,3,1,3,26,Male,,Tourist,,,,,,,,,0.164213562373095,0.103553390593274
CamdenTown,CamdenTown1,CT119,541,2019-05-02 13:28:34,2019-05-02 13:35:42,5,4,3,1,1,4,5,5,5,2,2,1,1,4,4,4,3,53,Male,,,67.18,70.28,63.92,75.45,26.6,2.01,0.0375,0.169,-0.560660171779821,0.75
CamdenTown,CamdenTown1,CT120,542,2019-05-02 13:35:32,2019-05-02 13:38:35,5,3,5,2,4,5,5,2,3,2,1,3,4,4,4,1,4,18,Male,,,71.87,74.89,65,78.6,38.4,2.31,0.0436,0.235,0.396446609406726,0.560660171779821
CamdenTown,CamdenTown1,CT121,547,2019-05-02 13:03:20,2019-05-02 13:44:20,3,2,2,1,3,3,3,3,3,3,3,2,3,4,4,1,2,25,Male,,Tourist,68.76,71.22,65.26,76.98,30.3,2.07,0.0429,0.17,-0.0732233047033631,0.0732233047033631
CamdenTown,CamdenTown1,CT122,543,2019-05-02 13:41:50,2019-05-02 13:45:34,5,2,2,1,3,2,1,1,3,4,3,5,3,5,4,1,1,40,Male,,,71,75.21,64.1,80.24,40.7,2.06,0.0646,0.258,0.146446609406726,-0.646446609406726
CamdenTown,CamdenTown1,CT123,544,2019-05-02 13:40:32,2019-05-02 13:46:25,4,1,4,1,4,4,4,4,2,2,1,1,4,2,3,1,2,28,Male,,,69.61,72.54,63.34,76.71,33.8,2.15,0.0394,0.202,0.133883476483184,0.676776695296637
CamdenTown,CamdenTown1,CT124,545,2019-05-02 13:47:17,2019-05-02 13:49:56,5,3,2,1,3,3,3,4,3,4,2,2,3,5,4,2,3,19,Female,,,68.07,70.2,65.53,77.22,28,2.02,0.0373,0.231,-0.219669914110089,0.176776695296637
CamdenTown,CamdenTown1,CT124,546,2019-05-02 13:48:13,2019-05-02 13:51:13,4,3,4,2,3,3,3,4,3,2,4,2,3,3,4,4,4,18,Female,,Local,68.07,70.2,65.53,77.22,28,2.02,0.0373,0.231,-0.0732233047033631,0.116116523516816
CamdenTown,CamdenTown2,CT201,563,2019-05-06 12:17:48,2019-05-06 12:21:33,5,3,5,1,2,3,4,5,4,3,1,4,2,2,3,3,4,25,Female,,,67.96,70.52,64.79,74.77,27,2.03,0.0389,0.245,-0.280330085889911,0.383883476483184
CamdenTown,CamdenTown2,CT201,570,2019-05-06 12:17:48,2019-05-06 12:21:33,4,3,2,1,2,4,5,4,3,1,1,1,2,5,3,3,5,25,Male,,Tourist,67.96,70.52,64.79,74.77,27,2.03,0.0389,0.245,-0.103553390593274,0.853553390593274
CamdenTown,CamdenTown2,CT202,564,2019-05-06 12:28:35,2019-05-06 12:30:48,4,4,4,1,3,4,5,5,1,3,2,1,2,3,4,3,3,43,Female,,,72.89,76.09,66.66,80.91,43.7,2.02,0.0633,0.232,-0.0125631329235417,0.676776695296637
CamdenTown,CamdenTown2,CT202,569,2019-05-06 12:28:35,2019-05-06 12:30:48,4,3,4,1,4,4,4,5,3,2,2,1,4,4,4,2,3,49,Female,,Tourist,72.89,76.09,66.66,80.91,43.7,2.02,0.0633,0.232,-0.0428932188134524,0.646446609406726
CamdenTown,CamdenTown2,CT203,567,2019-05-06 00:00:00,2019-05-06 00:00:00,4,5,4,3,4,5,5,5,2,5,2,3,4,4,5,5,5,19,Male,,Local,68.95,71.22,65.93,75.9,28.9,2.12,0.0401,0.192,0.0606601717798213,0.457106781186548
CamdenTown,CamdenTown2,CT203,568,2019-05-06 00:00:00,2019-05-06 00:00:00,4,2,4,1,4,5,4,4,1,4,2,3,4,5,3,4,3,27,Female,,Local,68.95,71.22,65.93,75.9,28.9,2.12,0.0401,0.192,0.310660171779821,0.353553390593274
CamdenTown,CamdenTown2,CT204,565,2019-05-06 12:32:20,2019-05-06 12:39:05,4,3,2,1,2,4,4,4,3,3,2,2,3,5,3,3,3,50,Female,,,,,,,,,,,-0.176776695296637,0.426776695296637
CamdenTown,CamdenTown2,CT205,566,2019-05-06 12:41:01,2019-05-06 13:00:24,2,1,1,1,2,4,5,4,3,1,1,2,4,2,3,5,5,18,Male,No,,,,,,,,,,-0.0303300858899105,0.780330085889911
CamdenTown,CamdenTown3,CT301,585,2019-05-20 11:36:19,2019-05-20 11:38:31,4,4,4,1,2,5,5,5,4,5,3,2,3,5,5,5,4,49,Male,Typical camden town,,66.47,71.9,59.61,73.99,30.9,1.99,0.0331,0.147,-0.426776695296637,0.426776695296637
CamdenTown,CamdenTown3,CT302,586,2019-05-20 11:40:48,2019-05-20 11:51:16,3,3,3,1,1,4,4,3,3,4,2,1,2,3,4,3,3,29,Male,,,,,,,,,,,-0.353553390593274,0.353553390593274
CamdenTown,CamdenTown3,CT302,615,2019-05-20 11:40:00,2019-05-20 11:51:16,3,1,3,1,2,4,2,4,2,2,4,2,3,2,3,3,4,29,Female,,Tourist,,,,,,,,,0,0.085786437626905
CamdenTown,CamdenTown3,CT304,624,2019-05-20 11:52:00,2019-05-20 11:57:00,4,3,5,2,1,4,5,1,3,2,1,1,2,4,4,1,3,53,Male,,Tourist,,,,,,,,,-0.0606601717798212,0.560660171779821
CamdenTown,CamdenTown3,CT305,588,2019-05-20 11:58:55,2019-05-20 12:01:23,3,2,2,1,3,4,5,4,1,2,1,1,3,5,3,1,4,45,Female,,,82.52,84.88,64.01,82.73,66.1,2.79,0.0425,1.16,0.133883476483184,0.780330085889911
CamdenTown,CamdenTown3,CT305,614,2019-05-20 11:58:55,2019-05-20 12:01:23,4,4,5,1,1,5,5,5,4,1,1,1,3,4,4,1,4,19,Female,"i live in a quiet town, so this feels overwhelming",Tourist,82.52,84.88,64.01,82.73,66.1,2.79,0.0425,1.16,-0.310660171779821,1
CamdenTown,CamdenTown3,CT306,589,2019-05-20 12:09:03,2019-05-20 12:13:23,4,2,2,1,4,5,3,3,5,4,4,5,4,3,3,2,3,41,Male,,,68.01,70.27,65.36,76.04,26.8,2.16,0.0415,0.227,0.116116523516816,-0.176776695296637
CamdenTown,CamdenTown3,CT308,590,2019-05-20 12:12:22,2019-05-20 12:15:01,4,3,2,1,2,2,3,4,4,3,3,2,2,3,3,2,2,29,Female,,,85.39,87.07,82.77,86.77,78.6,4.89,0.0864,1.2,-0.426776695296637,0.0732233047033632
CamdenTown,CamdenTown3,CT308,613,2019-05-20 12:05:00,2019-05-20 12:15:00,5,4,3,1,2,3,3,5,5,3,3,1,1,1,5,3,3,25,Female,,Local,85.39,87.07,82.77,86.77,78.6,4.89,0.0864,1.2,-0.603553390593274,0.292893218813452
CamdenTown,CamdenTown3,CT309,591,2019-05-20 12:17:15,2019-05-20 12:22:55,3,3,2,1,4,4,4,2,2,2,2,2,3,3,3,2,3,31,Male,,,67.82,71.86,60.97,76.73,32.4,2.09,0.0354,0.188,0.353553390593274,0.353553390593274
CamdenTown,CamdenTown3,CT310,592,2019-05-20 12:23:49,2019-05-20 12:25:48,4,2,3,1,2,4,4,4,4,4,2,1,2,5,4,1,3,18,Male,,,71.02,73.35,67.26,79.72,35.5,2.3,0.0406,0.295,-0.426776695296637,0.426776695296637
CamdenTown,CamdenTown3,CT311,593,2019-05-20 12:24:14,2019-05-20 12:28:27,4,2,2,1,2,3,3,4,2,3,3,2,3,4,3,1,3,59,Female,,,67.81,70.14,64.76,77.39,26.7,2.01,0.0407,0.188,-0.146446609406726,0.146446609406726
CamdenTown,CamdenTown3,CT311,623,2019-05-20 12:25:00,2019-05-20 12:30:00,3,2,3,1,4,3,3,3,2,3,3,2,3,4,3,1,2,58,Female,,Tourist,67.81,70.14,64.76,77.39,26.7,2.01,0.0407,0.188,0.133883476483184,0.0732233047033631
CamdenTown,CamdenTown3,CT312,594,2019-05-20 12:32:20,2019-05-20 12:33:43,4,3,4,1,4,4,3,2,3,4,3,3,2,2,3,3,4,19,Male,,,68.74,73.05,59.95,77.45,35.6,2.09,0.0389,0.219,0.176776695296637,-0.0732233047033631
CamdenTown,CamdenTown3,CT312,595,2019-05-20 12:32:19,2019-05-20 12:33:56,3,2,2,1,3,2,4,4,2,2,4,2,2,3,2,2,2,19,Non-conforming,,,68.74,73.05,59.95,77.45,35.6,2.09,0.0389,0.219,-0.0428932188134525,0.146446609406726
CamdenTown,CamdenTown3,CT312,622,2019-05-20 12:32:00,2019-05-20 12:35:00,3,2,3,2,2,3,4,4,4,3,2,2,2,4,2,2,3,18,Male,,Tourist,68.74,73.05,59.95,77.45,35.6,2.09,0.0389,0.219,-0.353553390593274,0.353553390593274
CamdenTown,CamdenTown3,CT313,596,2019-05-20 12:36:10,2019-05-20 12:37:52,5,4,4,2,2,4,4,4,4,1,1,2,3,3,3,2,3,23,Female,,,69.25,71.84,65.67,77.7,33,2.22,0.0399,0.15,-0.133883476483184,0.676776695296637
CamdenTown,CamdenTown3,CT313,621,2019-05-20 12:35:25,2019-05-20 12:40:00,4,1,4,1,2,4,4,4,2,2,2,3,3,4,4,3,3,22,Female,,Tourist,69.25,71.84,65.67,77.7,33,2.22,0.0399,0.15,0.0732233047033632,0.426776695296637
CamdenTown,CamdenTown3,CT314,597,2019-05-20 12:38:58,2019-05-20 12:45:57,5,5,5,1,4,5,5,4,1,1,1,2,4,4,5,5,5,28,Female,Tne construction is a bit too load but im a londoner and we love the noise and buzz,,65.96,68.84,61.53,77.58,26.1,1.93,0.035,0.32,0.457106781186548,0.853553390593274
CamdenTown,CamdenTown3,CT315,598,2019-05-20 12:51:36,2019-05-20 12:54:12,4,1,3,1,3,3,3,4,2,3,2,1,3,2,4,5,2,19,Female,,,69.3,72.12,62.22,76.7,32.5,2.16,0.0395,0.195,-0.116116523516816,0.323223304703363
CamdenTown,CamdenTown3,CT317,599,2019-05-20 13:03:33,2019-05-20 13:07:26,4,2,2,1,2,3,4,5,2,1,3,1,2,3,4,1,3,26,Male,,,75.58,79.98,65.23,81.42,57,2.27,0.0598,0.157,-0.146446609406726,0.542893218813452
CamdenTown,CamdenTown3,CT318,600,2019-05-20 12:49:26,2019-05-20 13:10:36,4,3,4,2,2,5,4,5,3,3,1,1,3,4,3,2,4,25,Male,,,67.62,69.75,64.1,76.91,28,2.04,0.0406,0.192,-0.25,0.75
CamdenTown,CamdenTown3,CT318,611,2019-05-20 13:03:00,2019-05-20 15:14:20,4,2,3,1,2,5,5,5,3,2,1,1,3,4,3,2,3,23,Female,,Tourist,67.62,69.75,64.1,76.91,28,2.04,0.0406,0.192,-0.176776695296637,0.926776695296637
CamdenTown,CamdenTown3,CT319,601,2019-05-20 13:13:40,2019-05-20 13:16:18,2,2,3,1,4,4,4,4,1,2,2,2,4,4,2,2,3,32,Female,,,69.99,72.15,65.75,76.84,30.4,2.29,0.0379,0.184,0.310660171779821,0.5
CamdenTown,CamdenTown3,CT320,602,2019-05-20 13:11:30,2019-05-20 13:24:13,4,2,2,1,5,4,4,5,5,5,4,2,2,2,4,4,5,55,Male,,,72.29,73.14,66.24,79,36.6,2.38,0.0463,0.406,-0.292893218813452,0.146446609406726
CamdenTown,CamdenTown3,CT321,603,2019-05-20 13:18:12,2019-05-20 13:34:15,4,2,3,1,3,5,4,3,3,3,2,2,3,4,3,1,3,26,Male,,,67.48,70.75,62.7,75.37,28.9,1.94,0.036,0.228,0.0732233047033632,0.426776695296637
CamdenTown,CamdenTown3,CT321,610,2019-05-20 13:30:00,2019-05-20 13:35:00,4,3,4,2,4,4,4,4,2,1,1,1,5,5,3,1,3,21,Male,,Tourist,67.48,70.75,62.7,75.37,28.9,1.94,0.036,0.228,0.207106781186548,0.75
CamdenTown,CamdenTown3,CT322,604,2019-05-20 13:27:02,2019-05-20 13:35:41,4,3,3,3,4,5,5,1,5,1,1,1,4,3,3,1,3,40,Female,Ambulance sounds are too loud,,71.38,73.9,66.63,78.99,32.5,2.16,0.0397,0.36,0.189339828220179,0.707106781186548
CamdenTown,CamdenTown3,CT322,620,2019-05-20 13:33:00,2019-05-20 13:40:00,4,1,2,1,2,3,4,3,3,1,2,1,3,4,3,2,2,32,Female,,Local,71.38,73.9,66.63,78.99,32.5,2.16,0.0397,0.36,-0.103553390593274,0.5
CamdenTown,CamdenTown3,CT324,609,2019-05-20 13:51:00,2019-05-20 13:57:00,4,3,4,2,4,5,5,5,3,1,1,2,3,4,4,1,3,63,Female,fine to visit - might hesitate to live full time due to noise,Tourist,66.97,71.56,61.9,75.95,30,1.91,0.0362,0.19,0.176776695296637,0.926776695296637
CamdenTown,CamdenTown3,CT325,605,2019-05-20 13:54:17,2019-05-20 13:58:13,4,2,3,1,3,4,4,2,3,3,3,1,3,3,2,2,3,23,Female,,,66.74,70.43,61.59,73.07,26.7,1.87,0.0359,0.216,0.0000000000000000459869434058619,0.25
CamdenTown,CamdenTown3,CT326,606,2019-05-20 14:00:11,2019-05-20 14:06:52,2,3,2,1,4,3,4,2,1,3,2,3,4,3,3,1,4,21,Female,,,83.81,88.22,65.4,83.82,78,2.87,0.0428,0.619,0.383883476483184,0.133883476483184
CamdenTown,CamdenTown3,CT327,616,2019-05-20 14:06:00,2019-05-20 14:10:00,2,5,2,2,5,2,5,2,2,2,2,3,4,2,2,1,4,20,Female,,Tourist,69.5,71.78,63.53,76.05,31.1,2.07,0.0431,0.205,0.383883476483184,0.237436867076458
CamdenTown,CamdenTown3,CT327,618,2019-05-20 14:06:00,2019-05-20 14:10:00,3,2,4,1,4,5,5,4,2,3,1,1,4,5,3,5,4,20,Female,,,69.5,71.78,63.53,76.05,31.1,2.07,0.0431,0.205,0.133883476483184,0.780330085889911
CamdenTown,CamdenTown3,CT328,607,2019-05-20 14:09:27,2019-05-20 14:14:35,4,4,3,1,3,4,5,5,4,3,2,2,3,3,2,3,3,58,Male,,,70.1,72.5,62.68,76.52,36.8,2.18,0.0377,0.231,-0.25,0.603553390593274
CamdenTown,CamdenTown3,CT328,617,2019-05-20 14:13:00,2019-05-20 14:16:00,4,1,3,1,1,1,2,5,1,3,1,1,2,4,5,1,1,55,Female,,Tourist,70.1,72.5,62.68,76.52,36.8,2.18,0.0377,0.231,-0.439339828220179,0.25
CamdenTown,CamdenTown3,CT329,608,2019-05-20 14:15:49,2019-05-20 14:18:47,3,4,2,2,3,3,4,3,4,1,3,4,3,4,4,1,3,24,Male,,,68.03,70.16,65.14,77.99,27.8,2.07,0.0383,0.227,0.116116523516816,0.176776695296637
CamdenTown,CamdenTown4,CT401,1219,2019-07-13 12:19:42,2019-07-13 12:23:35,3,2,3,2,4,4,4,2,3,5,1,4,3,3,3,3,3,27,Male,,Local,86.3,88.33,83.14,97.08,79.9,2.54,0.103,1.29,0.176776695296637,0.0909902576697319
CamdenTown,CamdenTown4,CT402,1239,2019-07-13 12:22:02,2019-07-13 12:22:02,4,3,5,1,1,4,4,5,4,3,2,1,2,4,5,2,3,37,Female,,Tourist,76.76,79.48,73.63,85.5,46.3,2.14,0.0683,0.614,-0.530330085889911,0.573223304703363
CamdenTown,CamdenTown4,CT403,1220,2019-07-13 12:31:40,2019-07-13 12:35:30,3,2,4,1,2,4,4,4,2,2,1,2,3,4,3,2,3,65,Female,,Tourist,78.11,81.18,72.5,84.13,53.7,2.39,0.114,0.47,0.0000000000000000689804151087928,0.603553390593274
CamdenTown,CamdenTown4,CT404,1221,2019-07-13 12:34:52,2019-07-13 12:38:59,5,5,3,2,2,3,4,5,4,3,3,1,2,4,4,2,2,44,Female,Too noisy but not has bad as some other cities around the world.,Local,76.08,78.17,73.09,82.97,45.5,2.42,0.048,0.385,-0.5,0.396446609406726
CamdenTown,CamdenTown4,CT405,1222,2019-07-13 12:38:06,2019-07-13 12:40:40,5,3,5,1,1,1,1,1,5,1,1,1,1,1,5,3,2,38,Male,,Local,74.08,75.8,71.84,77.48,36.5,2.65,0.0419,0.773,-0.414213562373095,0.0000000000000000919738868117237
CamdenTown,CamdenTown4,CT406,1223,2019-07-13 12:39:53,2019-07-13 12:42:45,4,1,4,1,1,3,2,5,4,5,2,1,1,4,4,5,3,49,Male,"Sometimes street musicians are better,!",Other,72.27,74.92,68.91,81.2,39.5,2.25,0.044,0.236,-0.75,0.146446609406726
CamdenTown,CamdenTown4,CT407,1224,2019-07-13 12:46:21,2019-07-13 12:49:47,3,3,2,1,2,3,1,3,4,1,1,2,3,3,3,1,1,32,Female,,Tourist,73.78,76.81,69.59,80.11,35.5,2.14,0.0433,0.356,-0.133883476483184,0.219669914110089
CamdenTown,CamdenTown4,CT407,1225,2019-07-13 12:46:48,2019-07-13 12:48:16,4,3,5,2,2,2,4,1,4,3,2,1,2,2,2,1,3,34,Female,,Tourist,73.78,76.81,69.59,80.11,35.5,2.14,0.0433,0.356,-0.280330085889911,0.133883476483184
CamdenTown,CamdenTown4,CT408,1226,2019-07-13 12:48:25,2019-07-13 12:52:03,4,2,3,1,1,1,2,1,3,5,1,1,1,5,3,5,5,62,,,Local,73.21,75.51,70.77,81.72,43.7,2.42,0.0426,0.192,-0.5,-0.189339828220179
CamdenTown,CamdenTown4,CT410,1228,2019-07-13 13:09:30,2019-07-13 13:12:51,2,4,3,1,3,4,4,4,4,4,4,1,4,3,3,1,3,29,Female,It's all good,Tourist,,,,,,,,,-0.323223304703363,0.219669914110089
CamdenTown,CamdenTown4,CT410,1230,2019-07-13 13:09:44,2019-07-13 13:12:59,3,1,4,1,3,3,3,3,4,3,3,1,3,3,4,1,3,32,Female,,Tourist,,,,,,,,,-0.25,0.146446609406726
CamdenTown,CamdenTown4,CT412,1229,2019-07-13 13:09:18,2019-07-13 13:13:26,3,1,2,1,4,5,4,2,1,2,2,3,4,2,4,3,3,33,Female,,Local,77.19,79.09,74.24,86.46,45,1.9,0.0593,0.584,0.603553390593274,0.353553390593274
CamdenTown,CamdenTown4,CT412,1231,2019-07-13 13:17:01,2019-07-13 13:19:27,3,3,5,2,4,3,4,5,2,1,1,1,3,3,4,1,3,25,Male,Solid beatboxer,Tourist,77.19,79.09,74.24,86.46,45,1.9,0.0593,0.584,0.0606601717798214,0.75
CamdenTown,CamdenTown4,CT412,1232,2019-07-13 13:17:09,2019-07-13 13:19:04,3,2,5,1,1,2,4,5,1,4,2,1,3,3,4,1,3,25,Female,,Tourist,77.19,79.09,74.24,86.46,45,1.9,0.0593,0.584,-0.439339828220179,0.353553390593274
CamdenTown,CamdenTown4,CT412,1233,2019-07-13 13:17:00,2019-07-13 13:19:20,4,3,4,1,3,4,5,5,4,1,1,1,3,4,4,1,3,24,Male,,Tourist,77.19,79.09,74.24,86.46,45,1.9,0.0593,0.584,-0.176776695296637,0.926776695296637
CamdenTown,CamdenTown4,CT412,1234,2019-07-13 13:17:13,2019-07-13 13:19:43,4,3,2,1,1,4,5,5,4,2,1,1,2,4,4,1,2,25,Female,,Tourist,77.19,79.09,74.24,86.46,45,1.9,0.0593,0.584,-0.457106781186548,0.853553390593274
CamdenTown,CamdenTown4,CT413,1235,2019-07-13 13:25:29,2019-07-13 13:27:58,3,1,5,2,2,5,4,4,2,1,2,1,4,4,5,3,4,26,Male,,Local,77.17,78.66,75.32,87.66,45.4,2.01,0.0617,0.527,0.0732233047033632,0.719669914110089
CamdenTown,CamdenTown4,CT414,1236,2019-07-13 13:34:20,2019-07-13 13:36:19,3,1,3,1,1,4,3,4,4,3,3,1,2,3,3,2,2,29,Male,,Local,81.2,83.32,77.93,88.65,62.3,2.75,0.0679,0.555,-0.457106781186548,0.292893218813452
CamdenTown,CamdenTown4,CT414,1237,2019-07-13 12:47:09,2019-07-13 13:36:17,4,4,3,1,1,4,2,5,5,4,3,1,2,4,4,4,3,31,Female,,Local,81.2,83.32,77.93,88.65,62.3,2.75,0.0679,0.555,-0.707106781186548,0.189339828220179
CamdenTown,CamdenTown4,CT414,1240,2019-07-13 13:35:00,2019-07-13 16:27:31,4,4,4,4,1,4,4,5,5,5,3,1,1,3,4,2,3,63,Male,ANNOYING,Local,81.2,83.32,77.93,88.65,62.3,2.75,0.0679,0.555,-0.780330085889911,0.323223304703363
CamdenTown,CamdenTown4,CT415,1238,2019-07-13 13:35:57,2019-07-13 13:40:31,5,3,4,1,1,5,2,5,2,5,2,1,3,4,4,4,4,28,Male,,Local,81.18,83.38,78.19,88.55,63.1,2.93,0.0858,0.321,-0.396446609406726,0.292893218813452
MarchmontGarden,MarchmontGarden1,MC101,269,2019-03-21 11:56:48,2019-03-21 12:06:48,4,3,4,2,2,3,2,4,4,3,3,3,2,2,3,5,4,22,Male,Drunk people at night make lond annoying noise,,55.57,56.88,54.51,69,12.5,1.59,0.0286,0.0978,-0.280330085889911,-0.0303300858899106
MarchmontGarden,MarchmontGarden1,MC102,270,2019-03-21 11:53:40,2019-03-21 12:03:40,2,4,3,3,4,3,2,1,3,3,3,3,3,3,3,4,4,79,Male,,,53.38,54.38,52.28,66.62,9.89,1.54,0.0271,0.0799,0.25,-0.25
MarchmontGarden,MarchmontGarden1,MC103,271,2019-03-21 11:55:00,2019-03-21 12:05:00,4,4,3,3,4,3,4,3,2,2,2,4,4,4,3,4,4,19,Female,,,56.64,59.64,52.44,69,14.2,1.51,0.0292,0.0873,0.353553390593274,0.207106781186547
MarchmontGarden,MarchmontGarden1,MC104,272,2019-03-21 12:00:00,2019-03-21 12:10:00,3,1,2,3,5,2,1,1,1,2,3,5,4,5,3,3,3,36,Female,,,53.93,55.65,51.84,64.68,10.9,1.64,0.0263,0.0911,0.707106781186548,-0.5
MarchmontGarden,MarchmontGarden1,MC105,273,2019-03-21 12:01:00,2019-03-21 12:11:00,4,2,4,2,4,2,2,4,2,2,2,5,4,4,4,4,4,23,Female,,,55.87,58.38,52.16,65.37,12,1.67,0.0264,0.129,0.280330085889911,-0.0732233047033632
MarchmontGarden,MarchmontGarden1,MC105,274,2019-03-21 12:07:10,2019-03-21 12:13:14,2,1,2,3,4,3,3,2,2,2,3,4,4,4,1,4,4,30,Female,,,55.87,58.38,52.16,65.37,12,1.67,0.0264,0.129,0.426776695296637,-0.0732233047033632
MarchmontGarden,MarchmontGarden1,MC106,275,2019-03-21 12:03:59,2019-03-21 12:17:40,3,2,2,3,4,3,4,3,3,2,3,3,4,4,1,3,3,44,Male,,,55.52,58.06,52.41,71.84,12.7,1.64,0.0266,0.142,0.176776695296637,0.176776695296637
MarchmontGarden,MarchmontGarden1,MC107,276,2019-03-21 12:10:00,2019-03-21 12:20:00,3,2,3,3,4,4,3,3,3,3,2,4,4,4,3,4,4,30,Female,,,,,,,,,,,0.25,0.103553390593274
MarchmontGarden,MarchmontGarden1,MC108,277,2019-03-21 12:13:47,2019-03-21 12:19:40,1,4,3,3,3,3,2,2,2,3,4,4,4,4,3,4,4,42,Male,,,56.14,58.41,53.13,66.34,13.1,1.74,0.0256,0.175,0.25,-0.353553390593274
MarchmontGarden,MarchmontGarden1,MC110,278,2019-03-21 12:10:15,2019-03-21 12:20:15,2,1,2,1,5,4,4,2,1,1,2,5,4,4,1,3,5,32,Female,,,55.17,58.24,51.21,67.51,12.8,1.76,0.0292,0.105,0.853553390593274,0.207106781186547
MarchmontGarden,MarchmontGarden1,MC111,279,2019-03-21 12:22:17,2019-03-21 12:32:44,2,3,2,2,3,3,2,2,3,3,4,3,3,4,3,3,2,28,Female,,,57.56,58.52,52.67,66.67,12.4,1.66,0.0273,0.116,0.0732233047033631,-0.280330085889911
MarchmontGarden,MarchmontGarden1,MC111,280,2019-03-21 12:22:17,2019-03-21 12:32:44,2,2,3,3,5,1,4,1,1,3,4,5,4,4,3,4,4,26,Female,No,,57.56,58.52,52.67,66.67,12.4,1.66,0.0273,0.116,0.560660171779821,-0.439339828220179
MarchmontGarden,MarchmontGarden1,MC112,281,2019-03-21 12:19:48,2019-03-21 12:31:48,3,3,4,3,3,3,3,3,4,3,3,2,3,4,3,5,5,37,Male,,,62.24,65.73,56.03,70.38,18.7,1.95,0.0285,0.265,-0.176776695296637,0.0732233047033631
MarchmontGarden,MarchmontGarden1,MC114,282,2019-03-21 12:32:46,2019-03-21 12:39:58,3,4,4,2,2,2,3,4,4,3,3,1,4,4,2,4,4,51,Male,,,57.47,59.97,54.66,66.09,13.9,1.74,0.0272,0.111,-0.5,0.146446609406726
MarchmontGarden,MarchmontGarden1,MC115,283,2019-03-21 12:30:00,2019-03-21 12:40:00,3,2,3,2,3,3,3,3,3,3,3,3,4,4,3,3,3,,Female,No,,57.71,59.89,54.47,67.42,14.3,1.75,0.0287,0.105,0,0
MarchmontGarden,MarchmontGarden1,MC116,284,2019-03-21 12:31:55,2019-03-21 12:47:00,4,4,4,2,1,4,4,5,4,2,2,1,1,2,4,2,2,27,Male,,,60.24,64.01,53.53,71.32,17.1,1.76,0.0346,0.166,-0.457106781186548,0.646446609406726
MarchmontGarden,MarchmontGarden1,MC116,285,2019-03-21 12:31:55,2019-03-21 12:47:00,3,1,4,1,2,3,1,3,4,1,3,2,4,4,2,4,4,28,Male,,,60.24,64.01,53.53,71.32,17.1,1.76,0.0346,0.166,-0.133883476483184,0.0125631329235419
MarchmontGarden,MarchmontGarden1,MC117,286,2019-03-21 12:46:00,2019-03-21 12:56:00,2,1,4,1,5,3,3,2,1,2,3,4,4,4,3,4,5,21,Female,,,,,,,,,,,0.633883476483184,-0.0732233047033632
MarchmontGarden,MarchmontGarden1,MC118,287,2019-03-21 12:47:26,2019-03-21 12:56:55,3,3,3,3,4,4,4,3,4,3,4,4,3,3,3,4,4,18,Female,No,,57.49,60.8,53.72,66.97,15.5,1.85,0.0311,0.13,0.146446609406726,-0.00000000000000000574836792573273
MarchmontGarden,MarchmontGarden1,MC118,288,2019-03-21 12:40:00,2019-03-21 12:56:15,5,3,4,3,3,4,3,4,3,3,2,3,3,3,3,5,4,18,Female,,,57.49,60.8,53.72,66.97,15.5,1.85,0.0311,0.13,0.0000000000000000305191851011017,0.25
MarchmontGarden,MarchmontGarden1,MC118,289,2019-03-21 12:40:00,2019-03-21 12:56:15,3,4,3,2,4,5,5,3,3,3,1,1,4,2,3,4,3,30,Female,,,57.49,60.8,53.72,66.97,15.5,1.85,0.0311,0.13,0.103553390593274,0.707106781186548
MarchmontGarden,MarchmontGarden1,MC119,290,2019-03-21 12:58:00,2019-03-21 13:02:00,3,2,3,3,4,3,2,2,1,3,4,4,3,3,3,5,3,18,Female,Changes quite regularly- I walk here everyday,,56.23,59.15,52.87,66.72,14.1,1.78,0.0269,0.112,0.457106781186548,-0.353553390593274
MarchmontGarden,MarchmontGarden1,MC119,291,2019-03-21 12:58:00,2019-03-21 13:02:00,2,1,3,2,4,3,3,3,2,3,3,4,4,4,2,4,4,19,Female,,,56.23,59.15,52.87,66.72,14.1,1.78,0.0269,0.112,0.280330085889911,-0.0732233047033631
MarchmontGarden,MarchmontGarden1,MC120,292,2019-03-21 13:09:27,2019-03-21 13:14:31,4,5,3,2,5,5,5,1,1,1,1,5,5,5,2,4,4,24,Male,,,56.72,59.5,52.28,64.27,12.6,1.97,0.0268,0.4,1,0.414213562373095
MarchmontGarden,MarchmontGarden1,MC120,293,2019-03-21 12:57:00,2019-03-21 13:09:00,2,3,2,4,5,5,1,1,1,1,4,5,5,5,3,5,5,23,Female,,,56.72,59.5,52.28,64.27,12.6,1.97,0.0268,0.4,1,-0.310660171779821
MarchmontGarden,MarchmontGarden1,MC121,294,2019-03-21 13:05:00,2019-03-21 13:15:00,2,1,3,3,5,3,4,1,1,2,2,4,5,5,2,4,4,,Male,,,54.48,56.51,52,64.75,11.6,2.03,0.0245,0.329,0.707106781186548,0.0606601717798212
MarchmontGarden,MarchmontGarden1,MC121,295,2019-03-21 13:05:00,2019-03-21 13:15:00,2,1,2,3,5,4,3,1,1,1,2,5,4,4,2,3,3,,Female,,,54.48,56.51,52,64.75,11.6,2.03,0.0245,0.329,0.926776695296637,0.0303300858899106
MarchmontGarden,MarchmontGarden1,MC122,296,2019-03-21 13:04:00,2019-03-21 13:14:00,2,1,3,5,4,4,2,1,2,2,1,4,5,4,3,4,4,21,Female,,,56.5,58.65,53.62,68.97,12.5,1.62,0.0276,0.182,0.573223304703363,0.0303300858899106
MarchmontGarden,MarchmontGarden1,MC123,297,2019-03-21 13:16:00,2019-03-21 13:26:00,5,5,3,3,5,3,1,1,1,1,3,5,5,5,5,5,5,69,Male,,,,,,,,,,,0.853553390593274,-0.353553390593274
MarchmontGarden,MarchmontGarden1,MC127,298,2019-03-21 13:16:46,2019-03-21 13:26:46,2,2,3,4,5,4,2,5,1,5,3,4,4,5,2,5,4,42,Male,,,57.88,59.61,52.14,67.53,13.7,1.67,0.0293,0.2,0.267766952966369,-0.103553390593274
MarchmontGarden,MarchmontGarden1,MC128,299,2019-03-21 13:21:00,2019-03-21 13:31:00,3,3,3,4,5,5,2,3,1,3,3,4,4,5,3,3,4,80,Male,,,,,,,,,,,0.633883476483184,-0.0303300858899107
MarchmontGarden,MarchmontGarden1,MC129,300,2019-03-21 13:21:11,2019-03-21 13:31:11,2,4,3,2,3,2,3,1,3,2,3,4,3,4,2,3,3,32,Female,Please consider middle of London,,52.8,55.15,49.59,66.03,10.4,1.62,0.0242,0.0858,0.219669914110089,-0.219669914110089
MarchmontGarden,MarchmontGarden2,MC201,305,2019-03-22 11:24:00,2019-03-22 11:34:00,4,3,5,2,1,4,1,3,3,1,1,5,2,4,3,4,4,29,Female,Very busy,,,,,,,,,,0.159009742330268,0.0732233047033631
MarchmontGarden,MarchmontGarden2,MC202,301,2019-03-22 11:27:14,2019-03-22 11:37:07,3,1,3,2,2,3,3,1,1,1,3,2,3,2,3,2,3,,Female,,,,,,,,,,,0.323223304703363,0.0732233047033631
MarchmontGarden,MarchmontGarden2,MC203,306,2019-03-22 11:31:00,2019-03-22 11:41:00,2,1,1,3,5,4,4,1,1,1,4,5,5,5,3,1,5,64,Female,I think it is very important to have a place of calm with nature,,52.39,53.14,50.59,70.22,9.76,1.61,0.0248,0.0726,0.926776695296637,-0.0732233047033632
MarchmontGarden,MarchmontGarden2,MC204,302,2019-03-22 11:37:10,2019-03-22 11:45:20,2,2,3,2,2,4,3,4,1,2,3,2,4,4,3,5,5,29,Male,,,54.31,57.37,50.5,68.68,13.4,1.6,0.0249,0.102,0.103553390593274,0.292893218813452
MarchmontGarden,MarchmontGarden2,MC205,307,2019-03-22 11:40:00,2019-03-22 11:50:00,3,3,3,1,4,2,3,2,1,1,4,4,4,4,2,5,5,70,Male,,,,,,,,,,,0.530330085889911,-0.176776695296637
MarchmontGarden,MarchmontGarden2,MC206,303,2019-03-22 11:45:26,2019-03-22 11:51:17,2,1,2,3,4,3,2,2,1,2,4,5,4,3,1,1,3,24,Male,Peaceful,,52.3,53.66,50.67,66.35,9.8,1.64,0.0236,0.207,0.603553390593274,-0.353553390593274
MarchmontGarden,MarchmontGarden2,MC207,304,2019-03-22 11:51:22,2019-03-22 12:00:55,2,1,2,2,4,5,3,2,2,2,4,5,4,4,2,4,4,21,Male,,,56.18,59.21,51.6,65.12,12.6,1.58,0.0283,0.166,0.646446609406726,-0.103553390593274
MarchmontGarden,MarchmontGarden3,MC301,309,2019-03-26 11:13:30,2019-03-26 11:22:00,3,2,4,4,5,4,4,4,2,3,2,3,5,3,3,2,3,18,Male,,,55.11,58.66,51.05,64.15,12,1.48,0.0305,0.0718,0.310660171779821,0.353553390593274
MarchmontGarden,MarchmontGarden3,MC302,308,2019-03-26 11:12:10,2019-03-26 11:25:19,3,2,4,3,4,4,5,3,3,1,1,2,4,4,4,5,3,27,Female,,,51.71,52.85,49.65,63.35,8.79,1.57,0.025,0.0593,0.25,0.707106781186548
MarchmontGarden,MarchmontGarden3,MC302,335,2019-03-26 11:12:10,2019-03-26 11:25:19,4,4,3,4,3,1,2,4,4,3,3,3,3,2,3,3,4,41,Female,,,51.71,52.85,49.65,63.35,8.79,1.57,0.025,0.0593,-0.323223304703363,-0.176776695296637
MarchmontGarden,MarchmontGarden3,MC303,310,2019-03-26 11:25:25,2019-03-26 11:32:50,2,2,3,2,4,3,2,2,2,2,4,4,3,4,2,4,4,30,Female,,,53.68,56.67,50,65.22,11.2,1.57,0.0251,0.12,0.426776695296637,-0.280330085889911
MarchmontGarden,MarchmontGarden3,MC306,312,2019-03-26 11:39:24,2019-03-26 11:45:35,2,1,3,2,5,3,3,3,1,1,4,5,5,5,1,1,3,30,Male,I think it is especially pleasant and calm considering the proximity to a shopping centre and roads.,,,,,,,,,,0.707106781186548,-0.103553390593274
MarchmontGarden,MarchmontGarden3,MC307,313,2019-03-26 11:32:54,2019-03-26 11:50:08,3,1,3,3,5,1,2,1,1,1,2,4,5,5,1,4,5,38,Female,Its differebt to other parts of london even just a few meters away,,52.11,55.57,48.92,63.34,11.7,1.42,0.0246,0.152,0.633883476483184,-0.219669914110089
MarchmontGarden,MarchmontGarden3,MC308,314,2019-03-26 11:45:39,2019-03-26 11:53:54,1,4,4,5,4,3,3,1,2,1,5,4,4,4,3,2,4,28,Male,,,52.23,54.9,50.26,64.87,9.9,1.76,0.0227,0.359,0.573223304703363,-0.280330085889911
MarchmontGarden,MarchmontGarden3,MC309,315,2019-03-26 11:50:11,2019-03-26 11:56:30,1,2,2,4,4,3,3,1,1,1,4,5,4,3,1,3,3,23,Female,,,56.79,59.03,52.55,64.14,11.5,1.68,0.0313,0.0887,0.75,-0.25
MarchmontGarden,MarchmontGarden3,MC310,316,2019-03-26 11:54:03,2019-03-26 11:57:15,4,3,4,3,2,3,4,4,4,4,4,2,4,4,3,5,5,23,Female,,,54.41,55.67,52.34,68.12,11.6,1.69,0.026,0.124,-0.426776695296637,0.0732233047033631
MarchmontGarden,MarchmontGarden3,MC311,317,2019-03-26 11:56:36,2019-03-26 12:07:13,3,1,2,4,5,4,3,3,3,2,3,4,4,4,3,4,5,50,Female,I love this little garden always walk through it when i can for its peacefulness,,60.37,63.63,52.95,71.48,19.5,1.62,0.0336,0.275,0.426776695296637,0.0732233047033631
MarchmontGarden,MarchmontGarden3,MC311,336,2019-03-26 11:56:36,2019-03-26 12:07:13,4,3,1,2,4,3,3,5,4,3,4,3,2,4,5,3,4,50,Female,I love this little garden and always walk through it when I can for its peacefulness.,,60.37,63.63,52.95,71.48,19.5,1.62,0.0336,0.275,-0.146446609406726,0.0428932188134525
MarchmontGarden,MarchmontGarden3,MC312,337,2019-03-26 12:04:15,2019-03-26 12:14:15,5,4,4,3,1,3,4,2,3,5,4,1,1,2,2,4,5,64,Male,,,53.92,56.27,51.05,65.12,10.3,1.53,0.0248,0.144,-0.426776695296637,-0.0732233047033631
MarchmontGarden,MarchmontGarden3,MC313,318,2019-03-26 12:05:39,2019-03-26 12:14:15,5,4,3,1,4,2,2,2,2,3,3,4,4,4,3,1,5,,Male,Relaxing,,,,,,,,,,0.280330085889911,-0.323223304703363
MarchmontGarden,MarchmontGarden3,MC315,319,2019-03-26 12:07:24,2019-03-26 12:17:55,2,2,2,4,5,4,1,1,1,1,2,5,4,4,3,5,5,56,Female,"More birds please, less humans??",,,,,,,,,,0.926776695296637,-0.176776695296637
MarchmontGarden,MarchmontGarden3,MC316,320,2019-03-26 12:14:19,2019-03-26 12:23:31,2,1,3,3,5,4,3,2,2,2,4,4,4,5,2,3,3,37,Female,Almost ideal urban soundscape,,54.72,56.19,52.84,66.9,11,1.65,0.0272,0.0928,0.603553390593274,-0.103553390593274
MarchmontGarden,MarchmontGarden3,MC317,322,2019-03-26 12:18:03,2019-03-26 12:31:01,3,2,2,2,4,4,3,2,2,2,3,4,4,4,3,3,4,61,Male,,,58.38,60.62,52.95,64.53,14.2,1.74,0.0281,0.225,0.5,-0.0000000000000000459869434058619
MarchmontGarden,MarchmontGarden3,MC318,339,2019-03-26 12:14:00,2019-03-26 12:24:00,4,3,2,3,3,4,4,3,2,4,5,1,2,3,4,3,4,18,Female,,,54.41,56.59,51.82,64.52,11.6,1.67,0.0253,0.12,-0.0428932188134525,0.0428932188134525
MarchmontGarden,MarchmontGarden3,MC318,340,2019-03-26 12:14:00,2019-03-26 12:24:00,4,2,1,3,4,1,2,5,4,3,2,4,2,4,5,2,4,19,Female,,,54.41,56.59,51.82,64.52,11.6,1.67,0.0253,0.12,-0.219669914110089,-0.0732233047033631
MarchmontGarden,MarchmontGarden3,MC319,321,2019-03-26 12:25:04,2019-03-26 12:30:05,2,3,2,1,5,2,2,1,1,1,3,5,4,4,2,4,5,,Female,Heating unit on and off,,55.22,56.23,53.84,69.77,10.8,1.58,0.0269,0.149,0.780330085889911,-0.323223304703363
MarchmontGarden,MarchmontGarden3,MC320,338,2019-03-26 12:25:00,2019-03-26 12:35:00,4,2,1,3,5,4,5,3,1,1,2,2,1,1,2,4,5,33,Female,,,52.35,53.94,49.98,63.49,9.6,1.53,0.0232,0.101,0.560660171779821,0.603553390593274
MarchmontGarden,MarchmontGarden3,MC321,323,2019-03-26 12:30:10,2019-03-26 12:43:54,2,2,3,3,5,4,2,2,2,2,2,5,4,2,1,4,4,30,Female,,,52.26,53.37,51.14,65.05,8.97,1.51,0.0249,0.108,0.676776695296637,-0.0732233047033632
MarchmontGarden,MarchmontGarden3,MC322,324,2019-03-26 12:31:06,2019-03-26 12:47:59,1,2,4,4,4,4,2,2,2,2,4,4,4,5,2,3,3,,Female,,,,,,,,,,,0.5,-0.207106781186548
MarchmontGarden,MarchmontGarden3,MC322,325,2019-03-26 12:43:58,2019-03-26 12:48:10,1,1,3,3,4,3,3,1,1,2,2,4,4,4,2,3,3,34,Female,,,,,,,,,,,0.603553390593274,-0.0428932188134525
MarchmontGarden,MarchmontGarden3,MC323,341,2019-03-26 12:41:00,2019-03-26 12:51:00,4,2,2,1,3,1,1,4,4,4,4,2,1,4,4,2,3,49,Female,It is nice,,55.3,58.85,49.69,67.8,14,2.05,0.0247,0.211,-0.469669914110089,-0.383883476483184
MarchmontGarden,MarchmontGarden3,MC324,326,2019-03-26 12:48:10,2019-03-26 12:53:13,1,2,3,3,4,4,4,2,1,3,2,4,4,4,2,4,4,,Female,,,55.06,56.61,53.58,65.29,10.5,1.52,0.0297,0.17,0.530330085889911,0.133883476483184
MarchmontGarden,MarchmontGarden3,MC325,327,2019-03-26 12:48:14,2019-03-26 12:55:45,2,1,4,3,5,5,3,1,1,2,1,4,4,4,2,5,5,20,Male,"This is an oasis for sound, I always try to stop by during lunch.",,55.83,57.89,53.5,69.42,11.8,1.56,0.0305,0.109,0.853553390593274,0.207106781186547
MarchmontGarden,MarchmontGarden3,MC327,328,2019-03-26 12:55:49,2019-03-26 13:01:16,2,1,2,3,4,3,4,1,2,4,2,4,4,4,2,3,4,57,Female,,,,,,,,,,,0.353553390593274,-0.085786437626905
MarchmontGarden,MarchmontGarden3,MC328,329,2019-03-26 12:53:20,2019-03-26 13:03:20,2,2,2,4,1,2,3,4,4,3,2,1,4,4,2,4,4,18,Female,Add some options about animals sounds,,54.34,55.82,51.72,64.26,10.2,1.58,0.0283,0.0737,-0.603553390593274,0.25
MarchmontGarden,MarchmontGarden3,MC329,342,2019-03-26 12:48:00,2019-03-26 12:58:00,4,2,1,2,2,1,1,5,5,3,4,3,2,4,4,1,3,23,Female,,,55.5,57.96,52.41,67.92,11.4,1.61,0.0329,0.131,-0.603553390593274,-0.310660171779821
MarchmontGarden,MarchmontGarden3,MC330,330,2019-03-26 13:01:20,2019-03-26 13:06:35,3,2,2,2,3,3,1,3,4,2,3,2,3,3,3,3,3,34,Male,,,53.01,55.04,50.73,65.63,9.91,1.49,0.0259,0.116,-0.103553390593274,-0.0606601717798213
MarchmontGarden,MarchmontGarden3,MC331,331,2019-03-26 13:03:28,2019-03-26 13:09:57,2,3,2,1,4,3,1,1,2,1,4,4,3,2,2,4,4,55,Female,,,53.79,55.4,51.11,65.02,12.2,1.55,0.0264,0.0743,0.573223304703363,-0.383883476483184
MarchmontGarden,MarchmontGarden3,MC332,332,2019-03-26 13:10:11,2019-03-26 13:15:04,3,1,4,2,4,4,2,3,3,3,4,2,4,4,3,4,4,34,Female,,,56.31,59.26,52.43,66.51,13.2,1.52,0.0303,0.159,0.103553390593274,-0.0606601717798213
MarchmontGarden,MarchmontGarden3,MC332,343,2019-03-26 13:10:11,2019-03-26 13:15:04,4,2,2,4,2,3,2,4,3,3,4,3,2,3,4,4,3,31,Female,It is different,,56.31,59.26,52.43,66.51,13.2,1.52,0.0303,0.159,-0.176776695296637,-0.133883476483184
MarchmontGarden,MarchmontGarden3,MC333,344,2019-03-26 13:05:00,2019-03-26 13:15:00,4,2,1,4,2,2,1,5,4,2,4,4,1,5,2,3,4,18,Male,,,55.65,57.93,51.71,62.86,11.8,1.59,0.0281,0.134,-0.280330085889911,-0.237436867076458
MarchmontGarden,MarchmontGarden3,MC333,345,2019-03-26 13:05:00,2019-03-26 13:15:00,4,2,1,3,2,1,1,4,4,2,3,3,2,4,4,2,4,23,Male,,,55.65,57.93,51.71,62.86,11.8,1.59,0.0281,0.134,-0.353553390593274,-0.207106781186547
MarchmontGarden,MarchmontGarden3,MC334,346,2019-03-26 13:15:00,2019-03-26 13:25:00,4,4,4,2,2,3,3,4,4,3,3,3,3,2,2,5,5,50,Male,,,53.77,55.3,51.05,61.71,10.2,1.63,0.0265,0.0882,-0.280330085889911,0.0732233047033631
MarchmontGarden,MarchmontGarden3,MC335,333,2019-03-26 13:06:38,2019-03-26 13:29:46,2,1,3,2,4,3,1,1,1,1,3,5,4,4,3,3,3,,Male,,,55.39,57.81,51.73,66.69,11.8,1.57,0.0303,0.1,0.75,-0.353553390593274
MarchmontGarden,MarchmontGarden3,MC336,334,2019-03-26 13:15:07,2019-03-26 13:32:12,2,2,3,2,4,4,3,2,1,3,3,4,4,5,2,2,4,30,Male,,,54.66,56.99,51.05,63.46,10.8,1.59,0.027,0.0941,0.530330085889911,-0.0732233047033632
MarchmontGarden,MarchmontGarden3,MC336,347,2019-03-26 13:15:07,2019-03-26 13:32:12,5,2,1,3,2,2,2,4,4,2,2,4,3,3,4,3,3,30,Female,,,54.66,56.99,51.05,63.46,10.8,1.59,0.027,0.0941,-0.207106781186547,0
MarchmontGarden,MarchmontGarden4,MC401,348,2019-03-29 11:22:09,2019-03-29 11:25:56,2,2,2,3,4,3,2,2,2,1,4,4,4,4,3,2,3,50,Female,,,50.79,52.34,48.81,64.99,8.51,1.65,0.024,0.144,0.5,-0.207106781186547
MarchmontGarden,MarchmontGarden4,MC402,349,2019-03-29 11:26:57,2019-03-29 11:29:13,1,2,2,1,5,4,2,1,1,3,3,5,4,4,3,3,3,56,Female,,,52.17,53.62,50.04,70.48,10.4,1.56,0.0239,0.0471,0.780330085889911,-0.323223304703363
MarchmontGarden,MarchmontGarden4,MC402,350,2019-03-29 11:26:11,2019-03-29 11:29:46,1,3,2,1,3,3,4,4,4,2,2,4,4,2,2,3,3,33,Female,,,52.17,53.62,50.04,70.48,10.4,1.56,0.0239,0.0471,-0.0303300858899106,0.280330085889911
MarchmontGarden,MarchmontGarden4,MC403,351,2019-03-29 11:29:31,2019-03-29 11:35:14,2,3,2,1,4,3,3,3,2,3,3,4,3,4,2,5,4,28,Male,N\a,,,,,,,,,,0.280330085889911,-0.0732233047033631
MarchmontGarden,MarchmontGarden4,MC404,352,2019-03-29 11:35:16,2019-03-29 11:40:57,1,5,1,2,3,4,4,3,5,3,2,2,4,3,4,1,3,21,Male,,,62.16,67.5,52.91,67.68,22.1,1.93,0.0324,0.306,-0.207106781186547,0.353553390593274
MarchmontGarden,MarchmontGarden4,MC404,353,2019-03-29 11:29:49,2019-03-29 11:43:06,2,3,2,1,4,2,2,2,3,3,2,4,4,2,2,1,3,21,Male,,,62.16,67.5,52.91,67.68,22.1,1.93,0.0324,0.306,0.176776695296637,-0.219669914110089
MarchmontGarden,MarchmontGarden4,MC404,418,2019-03-29 11:34:41,2019-03-29 11:44:41,2,4,1,2,3,3,4,3,2,2,2,4,3,3,4,1,2,23,Female,Germany,,62.16,67.5,52.91,67.68,22.1,1.93,0.0324,0.306,0.25,0.207106781186547
MarchmontGarden,MarchmontGarden4,MC404,419,2019-03-29 11:32:41,2019-03-29 11:43:06,2,4,2,3,3,3,3,2,4,3,3,2,4,4,3,1,3,22,Female,,,62.16,67.5,52.91,67.68,22.1,1.93,0.0324,0.306,-0.103553390593274,0.0000000000000000229934717029309
MarchmontGarden,MarchmontGarden4,MC405,354,2019-03-29 11:41:04,2019-03-29 11:53:32,4,3,2,2,5,4,3,2,1,3,3,5,4,4,2,4,4,19,Male,,,53.89,55.14,52.4,68.14,10.5,1.5,0.0277,0.0778,0.707106781186548,-0.146446609406726
MarchmontGarden,MarchmontGarden4,MC406,355,2019-03-29 11:43:57,2019-03-29 11:54:21,2,4,2,4,5,4,4,3,1,1,1,3,4,4,3,5,3,22,Female,,,55.36,57.96,52.67,68.99,12.8,1.67,0.0265,0.142,0.633883476483185,0.530330085889911
MarchmontGarden,MarchmontGarden4,MC407,356,2019-03-29 11:54:27,2019-03-29 12:05:30,2,1,2,1,4,3,1,3,1,2,3,4,4,2,3,2,2,34,Female,,,59.53,64.02,50.52,69.47,18.2,1.44,0.0437,0.214,0.457106781186548,-0.207106781186548
MarchmontGarden,MarchmontGarden4,MC407,357,2019-03-29 11:53:36,2019-03-29 12:06:20,1,4,3,4,4,4,2,2,2,2,3,4,3,3,2,4,4,31,Male,,,59.53,64.02,50.52,69.47,18.2,1.44,0.0437,0.214,0.5,-0.103553390593274
MarchmontGarden,MarchmontGarden4,MC407,420,2019-03-29 11:52:41,2019-03-29 12:02:41,2,3,2,1,3,3,3,3,3,3,2,4,3,4,3,3,3,51,Male,,,59.53,64.02,50.52,69.47,18.2,1.44,0.0437,0.214,0.0732233047033631,0.0303300858899106
MarchmontGarden,MarchmontGarden4,MC409,358,2019-03-29 12:05:34,2019-03-29 12:19:11,2,4,3,2,4,3,3,2,2,2,2,4,4,2,2,5,5,21,Male,,,53.28,54.97,51.71,67.23,10.5,1.47,0.0278,0.0854,0.426776695296637,0.0303300858899106
MarchmontGarden,MarchmontGarden4,MC409,359,2019-03-29 12:06:23,2019-03-29 12:19:26,4,5,2,1,1,2,4,4,4,2,2,2,3,1,5,4,2,20,Female,,,53.28,54.97,51.71,67.23,10.5,1.47,0.0278,0.0854,-0.457106781186548,0.353553390593274
MarchmontGarden,MarchmontGarden4,MC410,360,2019-03-29 12:19:15,2019-03-29 12:31:19,2,2,2,3,4,2,3,2,2,2,3,4,4,4,1,3,3,35,Male,,,57.92,60.22,55.05,70.11,13.6,1.47,0.0343,0.0898,0.353553390593274,-0.146446609406726
MarchmontGarden,MarchmontGarden4,MC411,361,2019-03-29 12:19:28,2019-03-29 12:36:54,4,5,2,1,1,3,2,2,1,2,1,1,1,2,4,3,2,63,Male,,,,,,,,,,,0.0000000000000000459869434058619,0.25
MarchmontGarden,MarchmontGarden4,MC412,362,2019-03-29 12:31:23,2019-03-29 12:39:32,1,3,1,1,5,3,1,1,1,3,3,5,5,4,1,3,3,52,Male,,,57.81,59.87,54.7,68.4,14.3,1.57,0.0309,0.121,0.707106781186548,-0.5
MarchmontGarden,MarchmontGarden4,MC413,363,2019-03-29 12:39:35,2019-03-29 12:46:55,1,2,4,4,4,2,3,2,3,3,5,5,3,3,2,4,4,,Female,No,,53.36,55.47,50.72,65.94,10.9,1.47,0.0249,0.0897,0.25,-0.5
MarchmontGarden,MarchmontGarden4,MC413,364,2019-03-29 12:36:56,2019-03-29 12:47:09,2,3,3,4,2,2,2,3,3,3,4,2,3,4,3,3,2,25,Male,,,53.36,55.47,50.72,65.94,10.9,1.47,0.0249,0.0897,-0.25,-0.207106781186547
MarchmontGarden,MarchmontGarden4,MC414,365,2019-03-29 12:47:13,2019-03-29 12:52:41,2,1,3,2,4,4,2,2,2,3,3,4,4,4,3,2,3,,Female,,,54.63,55.94,52.95,70.59,10.4,1.41,0.0281,0.163,0.426776695296637,-0.176776695296637
MarchmontGarden,MarchmontGarden4,MC415,366,2019-03-29 12:47:01,2019-03-29 12:57:51,3,2,3,4,4,3,2,2,1,3,2,5,4,2,3,5,5,26,Female,,,53.71,54.59,51.27,62.73,10.1,1.81,0.0246,0.0872,0.530330085889911,-0.219669914110089
MarchmontGarden,MarchmontGarden4,MC415,367,2019-03-29 12:52:47,2019-03-29 12:58:59,2,1,3,4,5,4,4,1,1,1,2,5,5,4,1,3,3,35,Male,,,53.71,54.59,51.27,62.73,10.1,1.81,0.0246,0.0872,0.926776695296637,0.133883476483184
MarchmontGarden,MarchmontGarden4,MC416,368,2019-03-29 12:57:54,2019-03-29 13:04:52,2,2,3,1,5,4,4,1,1,4,4,4,5,4,2,4,4,58,Male,Good space,,55,57.38,52.23,66.63,11.3,1.46,0.0297,0.0887,0.633883476483184,-0.219669914110089
MarchmontGarden,MarchmontGarden4,MC417,369,2019-03-29 12:59:06,2019-03-29 13:09:41,3,3,4,4,1,3,2,4,4,1,2,2,2,3,3,4,4,34,Female,,,55.66,58.79,50.89,61.98,12.5,1.68,0.0274,0.121,-0.310660171779821,0.292893218813452
MarchmontGarden,MarchmontGarden4,MC417,416,2019-03-29 13:00:45,2019-03-29 13:10:41,3,2,4,4,1,2,2,5,5,5,4,2,4,5,3,4,4,30,Male,nice spot for bird song!,,55.66,58.79,50.89,61.98,12.5,1.68,0.0274,0.121,-0.853553390593274,-0.207106781186547
MarchmontGarden,MarchmontGarden4,MC418,417,2019-03-29 13:04:41,2019-03-29 13:14:41,3,4,2,1,4,4,4,4,2,2,2,4,2,2,3,3,3,48,Female,,,54.56,55.9,53.49,68.78,10.6,1.65,0.0286,0.0841,0.353553390593274,0.353553390593274
TateModern,TateModern1,MT102,653,2019-05-21 11:52:00,2019-05-21 12:02:00,3,4,3,4,4,4,3,3,2,2,1,2,4,4,3,4,4,60,Female,,Local,,,,,,,,,0.280330085889911,0.426776695296637
PancrasLock,PancrasLock1,PL101,215,2019-04-11 11:53:13,2019-04-11 12:03:13,1,3,2,2,4,4,5,4,2,3,2,2,4,5,3,2,3,18,Male,,,58.29,61.69,54.11,68.54,15.9,1.56,0.0287,0.174,0.133883476483184,0.530330085889911
PancrasLock,PancrasLock1,PL102,216,2019-04-11 11:42:46,2019-04-11 12:05:37,3,4,2,2,1,1,1,5,4,3,2,1,2,1,4,3,3,35,Female,I wish i could hear the water instead of building work,,59.61,61.24,57.37,73.45,15.5,1.54,0.0298,0.164,-0.75,0.0428932188134525
PancrasLock,PancrasLock1,PL102,242,2019-04-11 11:42:46,2019-04-11 11:52:46,2,4,2,3,4,3,3,1,2,3,5,4,3,4,3,2,3,35,Female,,,59.61,61.24,57.37,73.45,15.5,1.54,0.0298,0.164,0.426776695296637,-0.426776695296637
PancrasLock,PancrasLock1,PL103,217,2019-04-11 12:06:40,2019-04-11 12:15:55,3,2,1,2,4,4,1,1,2,3,2,4,4,2,2,1,4,30,Male,Less than in hypercentre london,,59.36,61.16,56.75,69.51,14.8,1.67,0.0353,0.148,0.5,-0.25
PancrasLock,PancrasLock1,PL103,239,2019-04-11 12:06:40,2019-04-11 12:26:40,4,4,1,2,4,3,1,2,3,4,4,4,4,3,2,1,2,33,Female,,,59.36,61.16,56.75,69.51,14.8,1.67,0.0353,0.148,0.176776695296637,-0.530330085889911
PancrasLock,PancrasLock1,PL104,218,2019-04-11 12:08:12,2019-04-11 12:12:39,3,3,1,1,3,1,3,2,2,3,4,2,3,4,3,3,3,65,Male,,,,,,,,,,,-0.0428932188134525,-0.25
PancrasLock,PancrasLock1,PL104,241,2019-04-11 12:08:12,2019-04-11 12:15:40,1,3,1,3,2,3,2,4,4,1,3,2,3,2,2,3,3,45,Female,,,,,,,,,,,-0.207106781186547,0.189339828220179
PancrasLock,PancrasLock1,PL105,219,2019-04-11 12:14:37,2019-04-11 12:20:30,2,2,2,3,5,5,4,4,1,2,2,4,3,3,3,4,4,42,Male,Building noise is annoying,,56.15,58.32,53.57,67.26,12.1,1.45,0.0285,0.146,0.633883476483184,0.426776695296637
PancrasLock,PancrasLock1,PL106,240,2019-04-11 12:09:22,2019-04-11 12:19:22,2,4,2,2,4,4,4,2,3,1,2,2,3,3,2,4,5,43,Male,,,56.82,58.16,53.76,68.25,13.1,1.43,0.0289,0.118,0.323223304703363,0.426776695296637
PancrasLock,PancrasLock1,PL107,220,2019-04-11 12:24:57,2019-04-11 12:31:41,1,3,3,2,5,4,3,2,1,2,3,3,4,4,3,2,3,43,Female,,,58.67,60.71,55.34,68.99,14.4,1.53,0.0303,0.115,0.633883476483184,0.0732233047033631
PancrasLock,PancrasLock1,PL107,232,2019-04-11 12:24:57,2019-04-11 12:34:00,2,4,2,3,4,3,4,4,1,1,3,4,4,4,2,1,3,22,Female,,,58.67,60.71,55.34,68.99,14.4,1.53,0.0303,0.115,0.457106781186548,0.25
PancrasLock,PancrasLock1,PL107,233,2019-04-11 12:24:57,2019-04-11 12:36:41,2,4,3,3,3,3,2,2,4,2,1,3,4,4,3,3,4,18,Female,I fell like it will change-be more loud during the weekend,,58.67,60.71,55.34,68.99,14.4,1.53,0.0303,0.115,0.0428932188134525,0.103553390593274
PancrasLock,PancrasLock1,PL107,234,2019-04-11 12:24:57,2019-04-11 12:28:36,3,4,2,3,4,3,3,4,2,2,4,4,3,4,3,1,4,21,Female,,,58.67,60.71,55.34,68.99,14.4,1.53,0.0303,0.115,0.280330085889911,-0.0303300858899107
PancrasLock,PancrasLock1,PL107,235,2019-04-11 12:24:57,2019-04-11 12:31:41,2,4,4,3,5,4,4,2,1,1,2,5,4,2,3,3,4,21,Female,After I answered about transportation noise two trains went and I changed my mind to moderate,,58.67,60.71,55.34,68.99,14.4,1.53,0.0303,0.115,0.853553390593274,0.207106781186547
PancrasLock,PancrasLock1,PL107,236,2019-04-11 12:28:57,2019-04-11 12:31:57,2,5,2,3,4,3,4,4,2,1,2,2,4,2,4,1,2,22,Male,,,58.67,60.71,55.34,68.99,14.4,1.53,0.0303,0.115,0.207106781186548,0.5
PancrasLock,PancrasLock1,PL107,237,2019-04-11 12:24:57,2019-04-11 12:31:41,3,4,2,3,4,2,2,2,2,3,4,4,4,4,2,1,3,20,Female,,,58.67,60.71,55.34,68.99,14.4,1.53,0.0303,0.115,0.280330085889911,-0.426776695296637
PancrasLock,PancrasLock1,PL107,243,2019-04-11 12:24:57,2019-04-11 12:31:41,2,3,4,2,3,2,3,4,2,3,4,2,3,1,2,1,3,20,Female,,,58.67,60.71,55.34,68.99,14.4,1.53,0.0303,0.115,-0.116116523516816,-0.0303300858899106
PancrasLock,PancrasLock1,PL107,244,2019-04-11 12:24:57,2019-04-11 12:28:35,2,4,2,2,4,4,4,4,4,2,2,2,2,4,3,1,3,19,Non-conforming,,,58.67,60.71,55.34,68.99,14.4,1.53,0.0303,0.115,0.0000000000000000574836792573273,0.5
PancrasLock,PancrasLock1,PL107,246,2019-04-11 12:24:57,2019-04-11 12:28:47,3,4,5,2,5,4,4,2,1,1,3,3,5,1,3,1,3,20,Male,,,58.67,60.71,55.34,68.99,14.4,1.53,0.0303,0.115,0.707106781186548,0.25
PancrasLock,PancrasLock1,PL107,247,2019-04-11 12:24:57,2019-04-11 12:28:34,2,4,4,3,4,4,3,3,2,2,4,4,4,5,2,1,4,19,Female,,,58.67,60.71,55.34,68.99,14.4,1.53,0.0303,0.115,0.426776695296637,-0.0303300858899107
PancrasLock,PancrasLock1,PL107,248,2019-04-11 12:24:57,2019-04-11 12:28:05,3,2,2,2,4,4,4,3,3,2,2,2,3,3,2,2,3,22,Female,,,58.67,60.71,55.34,68.99,14.4,1.53,0.0303,0.115,0.176776695296637,0.426776695296637
PancrasLock,PancrasLock1,PL107,249,2019-04-11 12:24:57,2019-04-11 12:28:34,2,4,2,1,4,4,3,2,2,3,4,3,4,2,3,1,3,22,Male,,,58.67,60.71,55.34,68.99,14.4,1.53,0.0303,0.115,0.353553390593274,-0.103553390593274
PancrasLock,PancrasLock1,PL107,250,2019-04-11 12:28:05,2019-04-11 12:35:05,3,2,1,4,5,4,3,3,4,3,3,5,5,3,2,1,4,23,Female,,,58.67,60.71,55.34,68.99,14.4,1.53,0.0303,0.115,0.323223304703363,-0.0732233047033631
PancrasLock,PancrasLock1,PL107,251,2019-04-11 12:24:57,2019-04-11 12:28:34,2,5,3,3,3,2,2,5,1,2,3,4,4,3,2,1,2,21,Female,Constructions sounds dominate but pleasent nature sounds also exist,,58.67,60.71,55.34,68.99,14.4,1.53,0.0303,0.115,0.133883476483184,-0.0303300858899107
PancrasLock,PancrasLock1,PL107,252,2019-04-11 12:24:35,2019-04-11 12:28:35,,,,,3,2,2,3,2,2,2,4,3,3,3,1,2,20,Male,,,58.67,60.71,55.34,68.99,14.4,1.53,0.0303,0.115,0.176776695296637,-0.0732233047033631
PancrasLock,PancrasLock1,PL107,253,2019-04-11 12:24:57,2019-04-11 12:28:34,2,4,2,1,2,4,4,4,4,3,2,2,2,3,3,1,2,19,Male,,,58.67,60.71,55.34,68.99,14.4,1.53,0.0303,0.115,-0.280330085889911,0.426776695296637
PancrasLock,PancrasLock1,PL107,254,2019-04-11 12:24:52,2019-04-11 12:28:52,3,4,2,3,3,3,3,4,4,2,2,1,3,3,2,1,3,20,Female,"From Seattle WA, USA",,58.67,60.71,55.34,68.99,14.4,1.53,0.0303,0.115,-0.25,0.396446609406726
PancrasLock,PancrasLock1,PL107,255,2019-04-11 12:24:57,2019-04-11 12:28:36,2,4,2,3,2,2,3,5,4,3,3,4,3,2,2,1,3,19,Female,,,58.67,60.71,55.34,68.99,14.4,1.53,0.0303,0.115,-0.353553390593274,0.0000000000000000172451037771982
PancrasLock,PancrasLock1,PL107,256,2019-04-11 12:24:13,2019-04-11 12:28:13,2,4,3,1,4,3,4,2,2,3,3,2,2,1,3,1,3,21,Female,,,58.67,60.71,55.34,68.99,14.4,1.53,0.0303,0.115,0.207106781186547,0.103553390593274
PancrasLock,PancrasLock1,PL107,257,2019-04-11 12:24:35,2019-04-11 12:28:34,3,5,2,2,1,2,5,4,3,3,5,2,2,1,4,1,4,18,Male,,,58.67,60.71,55.34,68.99,14.4,1.53,0.0303,0.115,-0.426776695296637,0.0732233047033631
PancrasLock,PancrasLock1,PL107,258,2019-04-11 12:24:14,2019-04-11 12:28:14,3,3,3,3,4,4,5,1,1,1,1,4,3,5,3,4,4,70,Male,,,58.67,60.71,55.34,68.99,14.4,1.53,0.0303,0.115,0.75,0.414213562373095
PancrasLock,PancrasLock1,PL107,259,2019-04-11 12:24:12,2019-04-11 12:28:12,3,3,4,5,2,4,3,4,3,2,4,3,4,3,2,2,2,21,Female,,,58.67,60.71,55.34,68.99,14.4,1.53,0.0303,0.115,-0.0303300858899106,0.116116523516816
PancrasLock,PancrasLock1,PL107,260,2019-04-11 12:24:35,2019-04-11 12:28:34,2,3,2,2,3,4,3,3,3,4,2,3,4,3,3,3,2,21,Male,,,58.67,60.71,55.34,68.99,14.4,1.53,0.0303,0.115,0.0000000000000000114967358514655,0.103553390593274
PancrasLock,PancrasLock1,PL107,261,2019-04-11 13:08:05,2019-04-11 13:25:00,3,3,3,3,3,3,3,3,3,3,3,3,5,1,1,1,1,21,RatherNotSay,,,58.67,60.71,55.34,68.99,14.4,1.53,0.0303,0.115,0,0
PancrasLock,PancrasLock1,PL108,221,2019-04-11 12:22:38,2019-04-11 12:43:41,2,4,3,2,2,2,4,4,4,4,3,2,2,2,3,3,3,35,Female,,,57.42,59.34,55.02,74.34,14.2,1.63,0.0279,0.24,-0.5,0.103553390593274
PancrasLock,PancrasLock1,PL108,238,2019-04-11 12:24:57,2019-04-11 12:43:41,2,4,2,1,4,3,2,1,1,3,3,4,3,3,2,3,3,35,Male,,,57.42,59.34,55.02,74.34,14.2,1.63,0.0279,0.24,0.530330085889911,-0.323223304703363
PancrasLock,PancrasLock1,PL109,222,2019-04-11 12:33:21,2019-04-11 12:43:50,2,4,2,1,4,3,3,4,4,2,2,4,4,2,2,5,5,30,Female,,,56.13,58.7,53.24,68.25,12.4,1.67,0.0283,0.185,0.0732233047033631,0.176776695296637
PancrasLock,PancrasLock1,PL110,223,2019-04-11 12:45:08,2019-04-11 12:48:40,3,5,4,2,2,3,4,4,4,2,2,3,2,3,4,4,4,30,Female,,,,,,,,,,,-0.207106781186547,0.353553390593274
PancrasLock,PancrasLock1,PL112,224,2019-04-11 12:50:14,2019-04-11 12:52:22,4,4,2,2,4,2,4,3,2,2,2,3,4,2,3,2,3,29,Male,,,58.29,61.23,54.78,68.24,16.5,1.53,0.0286,0.142,0.207106781186548,0.207106781186547
PancrasLock,PancrasLock1,PL113,225,2019-04-11 12:45:35,2019-04-11 12:55:31,2,4,2,1,1,3,4,4,3,3,4,1,2,3,4,2,4,42,Male,,,,,,,,,,,-0.426776695296637,0.219669914110089
PancrasLock,PancrasLock1,PL114,226,2019-04-11 12:53:52,2019-04-11 12:57:16,3,4,3,2,3,2,4,4,3,1,2,4,2,2,3,1,2,27,Male,,,58.83,61.63,54.49,67.26,13.9,1.56,0.0357,0.149,0.0732233047033631,0.280330085889911
PancrasLock,PancrasLock1,PL114,267,2019-04-11 12:53:52,2019-04-11 12:58:00,2,3,4,3,4,4,3,2,1,2,2,3,2,2,3,1,2,23,Female,"It's pleasant and nice, just the building work isn't so nice.",,58.83,61.63,54.49,67.26,13.9,1.56,0.0357,0.149,0.530330085889911,0.176776695296637
PancrasLock,PancrasLock1,PL115,227,2019-04-11 12:57:09,2019-04-11 13:02:26,1,4,2,3,4,4,4,2,1,3,2,4,4,4,3,5,5,28,Male,,,,,,,,,,,0.530330085889911,0.133883476483184
PancrasLock,PancrasLock1,PL115,265,2019-04-11 12:55:26,2019-04-11 13:05:26,2,4,3,2,3,3,4,4,2,3,1,2,3,3,2,5,5,28,Male,,,,,,,,,,,-0.0428932188134524,0.457106781186548
PancrasLock,PancrasLock1,PL116,228,2019-04-11 12:59:02,2019-04-11 13:05:45,3,3,2,1,2,2,2,3,3,2,4,2,3,2,3,2,2,48,Male,,,62.29,64.58,57.34,72.59,19.3,1.65,0.0314,0.111,-0.176776695296637,-0.133883476483184
PancrasLock,PancrasLock1,PL116,263,2019-04-11 12:59:02,2019-04-11 13:04:00,3,3,3,1,2,3,5,4,3,2,2,1,3,2,3,2,2,46,RatherNotSay,,,62.29,64.58,57.34,72.59,19.3,1.65,0.0314,0.111,-0.25,0.603553390593274
PancrasLock,PancrasLock1,PL117,264,2019-04-11 13:06:17,2019-04-11 13:13:17,2,4,2,2,4,4,4,3,2,2,2,4,4,3,3,5,5,57,Male,,,,,,,,,,,0.426776695296637,0.280330085889911
PancrasLock,PancrasLock1,PL118,229,2019-04-11 13:06:37,2019-04-11 13:12:01,2,3,3,3,4,4,2,2,1,2,2,4,4,4,3,5,5,36,Male,,,,,,,,,,,0.603553390593274,-0.0000000000000000402385754801291
PancrasLock,PancrasLock1,PL119,230,2019-04-11 13:13:41,2019-04-11 13:19:44,1,3,2,2,5,4,5,1,4,1,4,2,4,4,4,5,4,43,Male,,,58.85,61.09,53.85,72.33,15,1.6,0.0285,0.166,0.396446609406726,0.25
PancrasLock,PancrasLock1,PL119,266,2019-04-11 13:10:42,2019-04-11 13:20:42,2,4,3,3,3,4,4,4,4,4,2,2,3,3,3,3,3,36,Female,,,58.85,61.09,53.85,72.33,15,1.6,0.0285,0.166,-0.25,0.353553390593274
PancrasLock,PancrasLock1,PL120,231,2019-04-11 13:08:05,2019-04-11 13:22:49,1,4,3,2,3,4,4,4,3,3,2,2,3,4,3,1,3,26,Male,,,59.37,61.71,55.36,69.68,14.4,1.7,0.0293,0.151,-0.0732233047033631,0.426776695296637
PancrasLock,PancrasLock1,PL120,262,2019-04-11 13:08:05,2019-04-11 13:25:00,3,3,2,2,5,4,2,1,1,3,4,4,4,3,1,1,4,59,Male,,,59.37,61.71,55.36,69.68,14.4,1.7,0.0293,0.151,0.707106781186547,-0.353553390593274
PancrasLock,PancrasLock2,PL201,371,2019-04-12 11:35:22,2019-04-12 11:40:17,2,4,2,2,5,4,4,2,2,2,2,5,3,4,4,5,5,47,Male,No,,58.58,60.44,56.25,70.38,15.1,1.58,0.0296,0.104,0.676776695296637,0.133883476483184
PancrasLock,PancrasLock2,PL202,409,2019-04-12 11:39:00,2019-04-12 11:46:00,3,2,2,2,4,4,4,3,1,2,1,2,4,3,3,2,3,80,Male,,Local,60.09,62.69,54.74,69.16,15.1,1.6,0.028,0.19,0.383883476483184,0.530330085889911
PancrasLock,PancrasLock2,PL203,372,2019-04-12 11:44:11,2019-04-12 11:48:57,4,4,4,2,2,3,2,4,4,2,4,1,2,4,4,4,4,30,Male,,,63.25,65.83,60.22,75.2,21.4,1.76,0.0352,0.0818,-0.353553390593274,0.085786437626905
PancrasLock,PancrasLock2,PL203,373,2019-04-12 11:43:11,2019-04-12 11:56:48,4,4,2,1,3,3,4,4,3,4,3,1,2,2,4,3,3,28,Female,,,63.25,65.83,60.22,75.2,21.4,1.76,0.0352,0.0818,-0.292893218813452,0.25
PancrasLock,PancrasLock2,PL205,411,2019-04-12 11:59:00,2019-04-12 12:01:00,3,3,4,2,4,4,4,4,4,4,2,2,2,3,3,3,3,52,Male,,,59.02,60.41,55.39,65.52,14.2,1.74,0.0306,0.191,-0.146446609406726,0.353553390593274
PancrasLock,PancrasLock2,PL206,413,2019-04-12 12:01:00,2019-04-12 12:07:00,3,2,3,3,5,4,4,1,1,1,1,5,5,4,2,2,4,72,Female,Variety,Tourist,59.28,61,57.14,67.56,14.1,1.44,0.0323,0.209,0.926776695296637,0.237436867076458
PancrasLock,PancrasLock2,PL207,412,2019-04-12 11:56:00,2019-04-12 12:06:00,3,3,4,3,4,4,3,1,1,1,3,4,3,4,2,3,3,63,Male,,Local,,,,,,,,,0.75,-0.0000000000000000689804151087928
PancrasLock,PancrasLock2,PL209,374,2019-04-12 11:59:18,2019-04-12 12:09:26,2,3,3,2,3,4,3,2,1,2,4,4,4,5,3,1,3,56,Female,,,62.43,64.44,57.56,74.55,18.5,1.77,0.0329,0.164,0.5,-0.103553390593274
PancrasLock,PancrasLock2,PL209,414,2019-04-12 11:59:18,2019-04-12 12:10:00,3,4,2,2,4,4,4,4,3,2,4,3,2,4,2,2,4,21,Male,,Other,62.43,64.44,57.56,74.55,18.5,1.77,0.0329,0.164,0.176776695296637,0.219669914110089
PancrasLock,PancrasLock2,PL210,375,2019-04-12 11:59:38,2019-04-12 12:12:20,2,4,2,3,4,3,2,2,2,2,3,4,4,3,3,1,3,47,Female,,,59.16,59.81,56.12,66.03,12.5,1.48,0.0327,0.202,0.426776695296637,-0.176776695296637
PancrasLock,PancrasLock2,PL211,376,2019-04-12 12:11:01,2019-04-12 12:16:11,3,4,2,2,4,2,3,1,1,2,3,4,4,4,2,3,3,31,Female,,,58.16,59.74,56.18,67,13.3,1.54,0.0319,0.151,0.530330085889911,-0.219669914110089
PancrasLock,PancrasLock2,PL211,397,2019-04-12 12:08:38,2019-04-12 12:18:38,2,2,2,2,4,2,3,1,2,1,3,5,4,4,1,2,3,63,Male,,Tourist,58.16,59.74,56.18,67,13.3,1.54,0.0319,0.151,0.573223304703363,-0.219669914110089
PancrasLock,PancrasLock2,PL212,396,2019-04-12 12:12:24,2019-04-12 12:15:24,3,3,3,2,4,2,4,2,1,2,2,4,4,4,3,1,3,52,Male,,Other,,,,,,,,,0.457106781186548,0.0606601717798213
PancrasLock,PancrasLock2,PL212,415,2019-04-12 12:12:00,2019-04-12 12:26:00,4,3,4,4,5,4,4,1,1,1,2,5,5,4,2,1,4,50,Female,,Tourist,,,,,,,,,0.926776695296637,0.133883476483184
PancrasLock,PancrasLock2,PL213,378,2019-04-12 12:19:25,2019-04-12 12:24:06,3,2,3,2,4,1,1,1,1,1,1,5,5,5,3,3,3,59,Male,No,,62.52,63.95,59.99,72.49,17.8,1.6,0.0328,0.199,0.603553390593274,-0.292893218813452
PancrasLock,PancrasLock2,PL215,379,2019-04-12 12:24:11,2019-04-12 12:34:13,1,4,2,3,4,2,2,5,2,2,3,2,2,1,3,4,4,32,Female,,,64.18,66.16,60.52,76.45,20.9,1.65,0.0347,0.569,-0.0125631329235418,0.116116523516816
PancrasLock,PancrasLock2,PL215,401,2019-04-12 12:24:11,2019-04-12 12:44:13,2,4,2,2,3,2,2,2,2,4,4,3,3,3,2,4,4,24,Female,,Local,64.18,66.16,60.52,76.45,20.9,1.65,0.0347,0.569,0.0303300858899106,-0.426776695296637
PancrasLock,PancrasLock2,PL216,380,2019-04-12 12:27:32,2019-04-12 12:42:35,2,4,3,2,2,2,4,4,3,2,4,2,4,3,4,4,5,51,Female,,,57.51,59.02,55.5,66,12.3,1.52,0.0313,0.0897,-0.25,0.146446609406726
PancrasLock,PancrasLock2,PL216,398,2019-04-12 12:27:32,2019-04-12 12:42:35,3,1,3,2,5,5,2,2,1,1,2,5,5,3,3,4,5,20,Male,,Local,57.51,59.02,55.5,66,12.3,1.52,0.0313,0.0897,0.926776695296637,0.0732233047033631
PancrasLock,PancrasLock2,PL217,381,2019-04-12 12:35:43,2019-04-12 12:43:50,2,2,1,1,4,4,3,3,2,3,5,4,4,2,2,1,4,28,Male,,,58.03,59.91,54.99,65.34,13.3,1.75,0.0278,0.251,0.353553390593274,-0.207106781186548
PancrasLock,PancrasLock2,PL217,402,2019-04-12 12:35:43,2019-04-12 12:43:50,2,2,1,4,5,5,5,2,3,2,2,5,4,2,3,2,4,40,Female,,Tourist,58.03,59.91,54.99,65.34,13.3,1.75,0.0278,0.251,0.646446609406726,0.310660171779821
PancrasLock,PancrasLock2,PL218,382,2019-04-12 12:45:10,2019-04-12 13:00:41,2,4,2,2,2,4,2,2,3,4,2,4,4,4,3,3,3,27,Female,,,60.3,63.01,55.66,67.1,16.6,1.61,0.0302,0.102,0.0428932188134525,-0.146446609406726
PancrasLock,PancrasLock2,PL218,408,2019-04-12 12:45:10,2019-04-12 13:01:00,3,2,2,1,4,3,3,1,1,1,4,4,,,,,,,,,,60.3,63.01,55.66,67.1,16.6,1.61,0.0302,0.102,0.676776695296637,-0.176776695296637
PancrasLock,PancrasLock2,PL219,383,2019-04-12 12:45:38,2019-04-12 13:01:47,3,2,2,3,4,4,4,1,2,1,2,5,5,4,2,1,3,43,Female,It has a really nice calm feelig with imterest but not annoying at all and i am super sensitive to sound,,58.9,61.94,55.84,65.73,15.3,1.65,0.0291,0.171,0.719669914110089,0.133883476483184
PancrasLock,PancrasLock2,PL220,407,2019-04-12 12:59:00,2019-04-12 13:03:00,3,2,3,3,4,4,4,3,1,1,2,4,5,4,3,4,4,45,Male,,Other,61.58,64.2,56.69,69.22,19.5,1.8,0.0305,0.123,0.603553390593274,0.353553390593274
PancrasLock,PancrasLock2,PL221,384,2019-04-12 13:05:36,2019-04-12 13:09:07,2,3,2,3,2,4,4,3,3,3,2,3,3,2,3,4,3,31,Female,,,57.49,59.53,53.1,68.9,13.3,1.61,0.029,0.142,-0.0303300858899106,0.280330085889911
PancrasLock,PancrasLock2,PL222,385,2019-04-12 13:08:10,2019-04-12 13:21:44,4,4,3,4,4,5,4,3,3,2,2,2,2,4,4,5,5,39,Male,Motorbikes and mopeds sound too loud,,59.01,61.76,55.55,65.99,14.5,1.63,0.0294,0.197,0.25,0.5
PancrasLock,PancrasLock2,PL224,387,2019-04-12 13:26:40,2019-04-12 13:32:14,2,4,2,3,4,3,2,3,4,3,3,5,5,4,4,4,4,31,Male,,,64.72,67.24,60.98,71.15,22.9,2.19,0.0308,0.326,0.146446609406726,-0.25
PancrasLock,PancrasLock2,PL225,388,2019-04-12 13:31:32,2019-04-12 13:34:47,2,2,1,2,5,4,4,2,1,2,2,5,5,4,3,2,4,60,Male,Rather dirty re litter,,,,,,,,,,0.780330085889911,0.133883476483184
PancrasLock,PancrasLock2,PL226,386,2019-04-12 13:10:36,2019-04-12 13:29:40,3,4,2,2,2,2,4,4,5,2,2,1,2,1,4,3,3,52,Male,,,,,,,,,,,-0.530330085889911,0.426776695296637
PancrasLock,PancrasLock2,PL227,389,2019-04-12 13:34:48,2019-04-12 13:41:23,1,4,2,2,4,3,1,1,1,3,3,4,4,3,3,5,5,61,Female,,,54.92,56.01,53.77,64.02,11,1.83,0.0248,0.116,0.530330085889911,-0.426776695296637
PancrasLock,PancrasLock2,PL228,390,2019-04-12 13:37:03,2019-04-12 13:46:07,1,1,3,5,5,2,3,1,1,2,4,4,5,4,4,4,5,37,Male,Nothing,,57.44,60.02,54.02,64.16,13.3,1.81,0.0274,0.23,0.633883476483184,-0.323223304703363
PancrasLock,PancrasLock2,PL229,391,2019-04-12 13:45:18,2019-04-12 13:50:29,1,1,3,1,4,2,2,2,2,2,4,4,5,4,1,2,2,74,Male,Vey pleasant,,,,,,,,,,0.353553390593274,-0.353553390593274
PancrasLock,PancrasLock2,PL229,406,2019-04-12 13:45:18,2019-04-12 13:50:29,4,3,3,1,5,4,4,1,1,1,1,4,3,3,2,1,3,72,Female,Very pleasant in the renewed environment,Tourist,,,,,,,,,0.853553390593274,0.310660171779821
PancrasLock,PancrasLock2,PL230,392,2019-04-12 13:49:11,2019-04-12 13:54:31,2,2,3,2,2,2,3,4,4,4,3,2,3,3,3,1,2,49,Male,,,59.4,60.88,56.51,71.12,15.6,1.6,0.031,0.195,-0.5,0.0000000000000000459869434058619
PancrasLock,PancrasLock2,PL231,393,2019-04-12 13:55:50,2019-04-12 13:59:05,1,4,4,4,4,1,1,1,1,2,5,4,3,4,3,3,3,48,Female,,,59.05,61.69,55.58,68.33,14.8,1.7,0.0282,0.233,0.457106781186548,-0.707106781186548
PancrasLock,PancrasLock2,PL231,405,2019-04-12 13:55:50,2019-04-12 13:59:05,2,4,3,2,4,5,4,2,2,1,2,2,4,4,3,3,4,46,Female,It would be very pleasant except for the construction noise,Local,59.05,61.69,55.58,68.33,14.8,1.7,0.0282,0.233,0.5,0.5
PancrasLock,PancrasLock2,PL232,394,2019-04-12 13:55:25,2019-04-12 14:05:16,2,1,2,3,5,5,3,1,3,1,1,5,5,5,3,4,4,57,Female,,,,,,,,,,,0.792893218813453,0.207106781186547
PancrasLock,PancrasLock2,PL232,404,2019-04-12 11:35:26,2019-04-12 11:37:16,3,1,2,4,5,1,4,1,1,4,1,4,4,3,3,3,3,59,Male,,Other,,,,,,,,,0.414213562373095,-0.128679656440358
PancrasLock,PancrasLock2,PL233,403,2019-04-12 14:05:24,2019-04-12 14:10:24,4,3,2,3,5,5,3,4,2,2,4,4,4,2,3,4,4,70,Male,I hope that the building construction finishes and then it will be ok,Local,,,,,,,,,0.530330085889911,0.116116523516816
PancrasLock,PancrasLock2,PL234,395,2019-04-12 14:09:14,2019-04-12 14:11:48,2,3,2,3,4,2,2,1,2,3,4,4,4,3,3,1,2,39,Male,,,60.23,63.08,56.63,69.84,15.4,1.73,0.0313,0.238,0.353553390593274,-0.5
PancrasLock,PancrasLock2,PL299,377,2019-04-12 12:14:13,2019-04-12 12:21:25,4,2,4,4,4,2,4,1,1,2,2,5,4,3,2,2,4,50,Male,,,,,,,,,,,0.603553390593274,-0.085786437626905
TateModern,TateModern1,TM101,628,2019-05-21 11:53:11,2019-05-21 11:57:14,3,3,4,3,5,4,5,2,1,2,2,2,4,4,3,3,4,47,Female,,Local,59.65,61.92,56.59,70.49,15.2,1.69,0.034,0.234,0.560660171779821,0.457106781186548
TateModern,TateModern1,TM101,672,2019-05-21 11:53:11,2019-05-21 11:57:14,3,1,5,4,4,5,4,3,1,2,1,4,5,3,3,3,5,18,Female,,Local,59.65,61.92,56.59,70.49,15.2,1.69,0.034,0.234,0.603553390593274,0.457106781186548
TateModern,TateModern1,TM102,671,2019-05-21 12:00:00,2019-05-21 12:05:00,2,3,3,2,4,3,3,1,2,2,2,4,4,4,3,2,3,32,Male,,Tourist,69.02,71.9,64.32,73.54,26.2,2.15,0.0331,0.477,0.5,-0.0428932188134525
TateModern,TateModern1,TM103,630,2019-05-21 12:05:08,2019-05-21 12:09:12,2,1,4,1,4,2,4,4,2,3,4,4,3,3,3,3,3,44,Female,,Other,60.21,62.76,57.63,70.48,16,1.91,0.0268,0.325,0.133883476483184,-0.0732233047033632
TateModern,TateModern1,TM104,632,2019-05-21 12:08:45,2019-05-21 12:14:04,2,2,4,1,5,5,4,1,2,1,2,4,5,4,3,3,5,67,Female,Notably pleasant for a busy city,Tourist,73.54,75.16,64.74,77.58,32.7,2.18,0.0354,0.49,0.823223304703363,0.280330085889911
TateModern,TateModern1,TM104,654,2019-05-21 12:10:00,2019-05-21 12:16:00,2,3,5,4,4,4,5,5,3,3,2,1,4,3,3,2,4,50,Female,,Tourist,73.54,75.16,64.74,77.58,32.7,2.18,0.0354,0.49,-0.116116523516816,0.676776695296637
TateModern,TateModern1,TM106,670,2019-05-21 12:20:00,2019-05-21 12:26:00,4,3,1,1,4,3,3,2,4,3,3,3,3,2,3,4,5,38,Male,,Local,66.03,68.99,60.99,72.68,23.8,1.87,0.033,0.223,0.0732233047033631,-0.0732233047033631
TateModern,TateModern1,TM107,633,2019-05-21 12:24:34,2019-05-21 12:28:40,3,3,4,2,4,5,4,4,3,1,1,1,4,4,4,5,5,31,Female,,Local,63.86,65.95,60.77,71.88,21,1.79,0.0335,0.273,0.176776695296637,0.823223304703363
TateModern,TateModern1,TM107,634,2019-05-21 12:24:44,2019-05-21 12:29:07,2,2,5,2,5,4,4,4,2,1,2,4,3,4,3,4,4,25,Female,,Local,63.86,65.95,60.77,71.88,21,1.79,0.0335,0.273,0.530330085889911,0.426776695296637
TateModern,TateModern1,TM107,656,2019-05-21 12:24:34,2019-05-21 12:28:40,2,2,5,2,4,4,4,3,1,2,1,2,4,4,3,4,4,26,Female,,Local,63.86,65.95,60.77,71.88,21,1.79,0.0335,0.273,0.383883476483184,0.530330085889911
TateModern,TateModern1,TM107,657,2019-05-21 17:04:04,2019-05-21 12:28:40,3,1,5,3,4,4,5,3,1,1,1,4,4,3,4,5,5,24,Female,,Local,63.86,65.95,60.77,71.88,21,1.79,0.0335,0.273,0.603553390593274,0.560660171779821
TateModern,TateModern1,TM108,669,2019-05-21 12:30:00,2019-05-21 12:35:00,2,2,4,4,4,4,3,2,2,2,3,4,4,4,3,4,4,44,Male,,Local,65.15,67.4,62.3,73.19,21.4,1.94,0.0358,0.222,0.5,-0.0000000000000000459869434058619
TateModern,TateModern1,TM109,635,2019-05-21 12:33:45,2019-05-21 12:42:01,1,2,4,2,4,3,4,2,1,1,1,3,4,4,3,3,4,33,Female,,Local,67.79,69.61,64.17,72.64,24.4,2.11,0.0329,0.412,0.530330085889911,0.383883476483184
TateModern,TateModern1,TM109,658,2019-05-21 12:33:45,2019-05-21 12:42:01,2,4,5,1,4,3,4,4,4,2,2,2,4,3,4,4,4,32,Female,,Local,67.79,69.61,64.17,72.64,24.4,2.11,0.0329,0.412,-0.0732233047033631,0.426776695296637
TateModern,TateModern1,TM109,659,2019-05-21 12:33:45,2019-05-21 12:42:01,2,1,4,2,5,4,4,2,2,2,2,4,3,4,3,3,3,37,Female,,Local,67.79,69.61,64.17,72.64,24.4,2.11,0.0329,0.412,0.603553390593274,0.207106781186547
TateModern,TateModern1,TM110,636,2019-05-21 12:33:50,2019-05-21 12:55:43,3,2,4,1,5,3,3,4,2,2,3,3,5,1,3,2,2,35,Female,,Local,63.83,66,60.86,72.34,19.6,1.83,0.0353,0.244,0.310660171779821,0.146446609406726
TateModern,TateModern1,TM110,637,2019-05-21 12:52:46,2019-05-21 12:56:55,3,2,4,2,5,2,3,4,1,2,1,4,4,3,3,2,3,36,Male,,Local,63.83,66,60.86,72.34,19.6,1.83,0.0353,0.244,0.414213562373095,0.207106781186547
TateModern,TateModern1,TM111,675,2019-05-21 13:00:00,2019-05-21 13:05:16,3,3,3,2,4,4,4,2,2,2,4,4,3,4,3,4,4,52,Male,"always a variety of sound experiences, after all blended",Local,66.57,69.08,62.94,73.06,23.3,1.89,0.0464,0.223,0.5,-0.0000000000000000574836792573273
TateModern,TateModern1,TM112,673,2019-05-21 13:00:00,2019-05-21 13:05:26,4,1,4,1,4,5,3,1,3,2,3,2,4,4,3,5,3,50,Female,,Local,63.44,65.37,61.23,70.43,18.7,1.81,0.0359,0.168,0.396446609406726,0.146446609406726
TateModern,TateModern1,TM113,638,2019-05-21 13:07:18,2019-05-21 13:11:06,2,2,3,1,4,4,2,3,2,3,4,4,3,2,2,3,3,61,Female,,Local,66.25,68.29,63.11,71.16,22.9,1.89,0.0334,0.345,0.353553390593274,-0.207106781186548
TateModern,TateModern1,TM113,661,2019-05-21 13:07:18,2019-05-21 13:11:06,2,2,4,3,5,4,3,4,1,2,4,4,4,4,3,4,4,18,Female,,Local,66.25,68.29,63.11,71.16,22.9,1.89,0.0334,0.345,0.560660171779821,0.0428932188134524
TateModern,TateModern1,TM114,639,2019-05-21 13:10:38,2019-05-21 13:13:39,2,2,4,3,4,5,3,4,2,2,1,1,4,5,3,2,3,28,Female,,Tourist,,,,,,,,,0.207106781186548,0.646446609406726
TateModern,TateModern1,TM114,678,2019-05-21 13:10:06,2019-05-21 13:16:06,2,2,5,3,4,4,4,3,2,2,2,2,4,4,3,1,2,34,Female,,Tourist,,,,,,,,,0.280330085889911,0.426776695296637
TateModern,TateModern1,TM115,676,2019-05-21 13:15:17,2019-05-21 13:19:17,3,2,4,2,5,5,5,3,1,1,1,2,4,4,3,3,4,70,Male,,Tourist,62.74,64.05,61.26,72.46,17.7,1.7,0.0353,0.225,0.633883476483185,0.780330085889911
TateModern,TateModern1,TM116,640,2019-05-21 13:19:05,2019-05-21 13:21:35,2,2,5,4,5,5,4,4,1,1,1,1,5,5,4,5,5,24,Female,,Local,68.7,70.92,65.06,72.46,27,2.12,0.0345,0.434,0.487436867076458,0.823223304703363
TateModern,TateModern1,TM116,664,2019-05-21 13:19:05,2019-05-21 13:21:35,2,4,5,2,4,4,4,4,3,1,2,2,2,4,4,3,3,24,Male,,Local,68.7,70.92,65.06,72.46,27,2.12,0.0345,0.434,0.176776695296637,0.573223304703363
TateModern,TateModern1,TM117,674,2019-05-21 13:23:00,2019-05-21 13:27:57,1,1,4,3,5,5,4,2,1,1,2,4,5,5,3,5,5,28,Female,,Local,66.41,68.24,64.08,72.53,22.7,1.85,0.0371,0.285,0.853553390593274,0.353553390593274
TateModern,TateModern1,TM118,641,2019-05-21 13:27:49,2019-05-21 13:34:21,2,1,5,3,4,4,2,4,2,2,3,4,4,3,3,4,5,53,Female,,Tourist,63.05,65.28,59.67,70.69,18.2,1.73,0.0333,0.202,0.353553390593274,0.0428932188134524
TateModern,TateModern1,TM118,665,2019-05-21 13:27:49,2019-05-21 13:34:21,3,3,4,4,5,5,3,3,1,4,1,3,5,4,3,3,3,44,Female,,Local,63.05,65.28,59.67,70.69,18.2,1.73,0.0333,0.202,0.487436867076458,0.280330085889911
TateModern,TateModern1,TM119,642,2019-05-21 13:35:20,2019-05-21 13:38:01,2,2,4,4,4,4,4,2,2,4,3,3,4,4,3,1,3,30,Male,,Tourist,61.73,63.98,58.92,68.81,17.1,1.73,0.0321,0.158,0.280330085889911,0.0303300858899106
TateModern,TateModern1,TM120,643,2019-05-21 13:39:52,2019-05-21 13:43:32,3,3,4,1,3,4,4,3,2,3,4,2,4,3,3,1,3,18,Female,,Tourist,67.65,70.86,61.86,73.49,24.8,1.96,0.0341,0.33,0.103553390593274,0.146446609406726
TateModern,TateModern1,TM120,666,2019-05-21 13:39:52,2019-05-21 13:43:32,2,1,2,4,4,4,4,3,1,1,2,3,4,4,3,1,3,55,Female,,Tourist,67.65,70.86,61.86,73.49,24.8,1.96,0.0341,0.33,0.530330085889911,0.426776695296637
TateModern,TateModern1,TM121,644,2019-05-21 13:41:34,2019-05-21 13:46:16,2,2,4,2,3,3,4,4,4,2,3,2,3,2,4,5,4,34,Male,,Local,63.7,65.18,62.28,76.21,19.2,1.49,0.037,0.53,-0.176776695296637,0.323223304703363
TateModern,TateModern1,TM122,645,2019-05-21 13:48:45,2019-05-21 13:51:43,1,1,3,3,5,5,4,2,1,1,1,4,4,4,3,5,5,33,Female,,Local,63.28,64.54,61.6,70.93,19.1,1.8,0.0337,0.192,0.853553390593274,0.457106781186548
TateModern,TateModern1,TM122,667,2019-05-21 13:48:45,2019-05-21 13:51:43,1,3,3,3,5,5,4,2,1,1,3,2,5,4,3,5,4,37,Female,,Local,63.28,64.54,61.6,70.93,19.1,1.8,0.0337,0.192,0.707106781186548,0.396446609406726
TateModern,TateModern1,TM123,646,2019-05-21 13:52:06,2019-05-21 13:54:53,3,3,4,2,4,4,4,2,1,1,3,4,4,4,3,4,5,31,Female,,Local,63.1,65.07,60.03,72.35,19.8,1.66,0.0321,0.355,0.676776695296637,0.176776695296637
TateModern,TateModern1,TM123,677,2019-05-21 13:53:19,2019-05-21 13:58:19,1,1,5,2,5,4,3,2,1,2,3,2,2,3,4,4,4,,Female,,Other,63.1,65.07,60.03,72.35,19.8,1.66,0.0321,0.355,0.560660171779821,0.146446609406726
TateModern,TateModern1,TM124,662,2019-05-21 13:54:00,2019-05-21 14:04:00,2,2,5,5,5,4,3,4,2,3,4,4,4,4,3,5,5,25,Female,,,60.31,61.68,57.43,67.75,15,1.54,0.0321,0.26,0.383883476483184,-0.0303300858899107
TateModern,TateModern1,TM125,647,2019-05-21 13:54:43,2019-05-21 13:59:02,1,1,4,4,5,3,5,1,1,2,3,5,5,4,1,5,5,39,,,Local,,,,,,,,,0.780330085889911,-0.0125631329235419
TateModern,TateModern1,TM126,648,2019-05-21 13:58:47,2019-05-21 14:01:49,3,2,4,1,3,4,4,4,4,1,2,2,2,3,3,3,3,37,Female,,Tourist,60.9,62.69,58.64,71.12,16.7,1.62,0.0315,0.139,-0.0303300858899106,0.573223304703363
TateModern,TateModern1,TM127,649,2019-05-21 14:12:42,2019-05-21 14:17:38,1,3,3,1,3,4,4,2,4,2,2,1,3,3,3,2,4,31,Male,,Tourist,62.63,65,59.68,74.93,19,1.51,0.0325,0.754,-0.0303300858899106,0.426776695296637
TateModern,TateModern1,TM127,679,2019-05-21 14:14:39,2019-05-21 14:19:39,2,3,4,1,4,4,3,2,2,2,2,3,4,4,3,1,3,29,Male,,Tourist,62.63,65,59.68,74.93,19,1.51,0.0325,0.754,0.426776695296637,0.176776695296637
TateModern,TateModern1,TM127,680,2019-05-21 14:14:39,2019-05-21 14:19:39,4,4,3,2,3,2,3,2,3,2,3,2,3,4,3,3,3,30,Male,,Local,62.63,65,59.68,74.93,19,1.51,0.0325,0.754,0.00000000000000000574836792573273,0.0000000000000000114967358514655
TateModern,TateModern1,TM128,650,2019-05-21 14:14:23,2019-05-21 14:17:06,3,3,3,3,4,2,2,3,3,3,3,4,3,2,3,1,2,34,Male,,Tourist,61.31,63.64,58.3,70.56,17.5,1.63,0.0368,0.203,0.103553390593274,-0.25
TateModern,TateModern1,TM128,668,2019-05-21 14:14:23,2019-05-21 14:17:06,3,2,3,2,4,4,4,2,1,2,3,4,4,4,3,1,3,31,Female,,Tourist,61.31,63.64,58.3,70.56,17.5,1.63,0.0368,0.203,0.603553390593274,0.103553390593274
TateModern,TateModern1,TM129,651,2019-05-21 14:22:32,2019-05-21 14:24:06,2,1,4,4,5,4,4,4,4,4,4,4,4,4,2,3,4,34,Male,,Local,59,61.29,55.85,66.78,14.1,1.54,0.0311,0.254,0.103553390593274,0
TateModern,TateModern1,TM130,681,2019-05-21 14:23:09,2019-05-21 14:27:00,2,3,2,3,4,2,3,1,1,3,3,4,4,3,1,4,4,34,Female,,Local,59.5,61.31,57.28,73.98,14.9,1.66,0.0296,0.163,0.457106781186548,-0.292893218813452
TateModern,TateModern1,TM130,682,2019-05-21 14:20:06,2019-05-21 14:27:06,4,4,4,4,4,3,3,1,1,2,3,4,3,3,1,3,3,35,Male,unpredictable,Local,59.5,61.31,57.28,73.98,14.9,1.66,0.0296,0.163,0.603553390593274,-0.146446609406726
TateModern,TateModern1,TM131,683,2019-05-21 14:25:09,2019-05-21 14:35:09,4,1,2,1,5,3,5,3,5,2,5,5,4,2,4,2,4,72,Male,,Tourist,,,,,,,,,0.219669914110089,-0.0732233047033631
TateModern,TateModern1,TM131,684,2019-05-21 14:25:56,2019-05-21 14:35:56,1,1,2,1,4,4,3,3,4,3,4,5,3,3,3,1,2,62,Female,,Tourist,,,,,,,,,0.219669914110089,-0.176776695296637
TateModern,TateModern1,TM132,685,2019-05-21 14:33:17,2019-05-21 14:40:17,2,3,3,2,5,3,5,3,2,4,3,4,4,3,3,3,3,23,RatherNotSay,,Other,,,,,,,,,0.310660171779821,0.0606601717798213
TateModern,TateModern1,TM133,686,2019-05-21 14:45:42,2019-05-21 14:45:42,2,1,4,4,4,3,4,3,2,3,3,3,4,4,1,4,5,23,Female,,Tourist,58.93,61.39,55.18,71.83,15.7,1.77,0.0274,0.241,0.207106781186547,0.103553390593274
TateModern,TateModern2,TM201,687,2019-05-22 12:00:51,2019-05-22 12:04:30,3,1,4,3,5,4,3,1,2,1,2,3,4,4,3,5,3,65,Male,,Other,63.95,65.55,57.62,67.55,22.2,1.94,0.0286,0.408,0.676776695296637,0.176776695296637
TateModern,TateModern2,TM202,729,2019-05-22 12:00:00,2019-05-22 12:06:29,3,4,4,3,4,3,3,3,2,1,2,2,3,4,4,2,4,50,Female,"it changes, so different in 3 min survey",Other,62.61,63.81,61.13,72.42,17.3,1.75,0.0376,0.206,0.280330085889911,0.323223304703363
TateModern,TateModern2,TM203,688,2019-05-22 12:06:17,2019-05-22 12:09:16,3,1,4,2,5,4,4,2,1,1,1,1,4,4,3,3,3,52,Female,,Other,65.26,68.54,59.89,71.2,20.4,1.72,0.0329,0.317,0.560660171779821,0.603553390593274
TateModern,TateModern2,TM204,728,2019-05-22 12:10:53,2019-05-22 18:22:53,3,1,2,1,5,5,3,1,1,3,1,5,5,5,3,2,3,68,Male,,Local,66.11,68.32,63.07,77.37,23.3,1.68,0.0387,0.302,0.853553390593274,0.0606601717798212
TateModern,TateModern2,TM205,689,2019-05-22 12:11:57,2019-05-22 12:14:07,4,1,4,2,4,5,4,5,3,2,1,1,4,1,3,4,4,31,Male,,Local,66.98,69.99,63.3,77.73,26,1.97,0.0339,0.397,0.0303300858899107,0.823223304703363
TateModern,TateModern2,TM205,690,2019-05-22 12:11:55,2019-05-22 12:15:23,4,1,4,2,5,5,4,4,2,2,2,3,4,4,4,4,4,28,Female,Active and filled with life,Local,66.98,69.99,63.3,77.73,26,1.97,0.0339,0.397,0.457106781186548,0.5
TateModern,TateModern2,TM206,691,2019-05-22 12:18:03,2019-05-22 12:21:57,3,4,2,2,2,3,5,4,4,3,1,1,2,3,4,1,3,18,Female,,Tourist,63.5,65.67,60.98,71.87,19.5,1.68,0.0351,0.261,-0.426776695296637,0.633883476483184
TateModern,TateModern2,TM206,692,2019-05-22 12:18:28,2019-05-22 12:22:11,3,2,2,2,3,3,1,2,2,5,2,4,4,2,2,1,4,51,Male,,Tourist,63.5,65.67,60.98,71.87,19.5,1.68,0.0351,0.261,0.103553390593274,-0.396446609406726
TateModern,TateModern2,TM206,721,2019-05-22 12:18:03,2019-05-22 12:21:57,4,2,4,1,3,3,3,3,4,2,3,1,3,2,4,1,3,49,Female,,Tourist,63.5,65.67,60.98,71.87,19.5,1.68,0.0351,0.261,-0.176776695296637,0.219669914110089
TateModern,TateModern2,TM207,726,2019-05-22 12:20:01,2019-05-22 12:24:01,3,3,4,1,2,4,4,4,4,1,1,1,3,3,3,3,3,61,Male,,Other,67.97,71.47,60.68,74.57,27.8,1.72,0.0402,0.386,-0.207106781186547,0.75
TateModern,TateModern2,TM208,727,2019-05-22 12:20:04,2019-05-22 12:24:00,5,4,5,4,3,4,5,4,3,1,1,2,3,4,3,4,4,18,Female,,Local,62.97,65.19,60.47,72.79,19.1,1.65,0.0324,0.327,0.0732233047033632,0.780330085889911
TateModern,TateModern2,TM209,693,2019-05-22 12:28:52,2019-05-22 12:31:06,3,1,5,1,4,5,4,4,1,2,1,4,4,4,3,3,3,36,Female,,Local,63.23,65.22,60.65,69.9,19.1,1.92,0.0301,0.34,0.530330085889911,0.530330085889911
TateModern,TateModern2,TM209,694,2019-05-22 12:29:16,2019-05-22 12:31:55,1,1,4,3,5,5,4,3,1,1,2,3,4,4,3,3,3,35,Male,,Local,63.23,65.22,60.65,69.9,19.1,1.92,0.0301,0.34,0.707106781186548,0.5
TateModern,TateModern2,TM210,725,2019-05-22 12:30:41,2019-05-22 12:35:41,2,2,4,4,5,4,3,3,2,3,3,4,4,5,3,5,5,31,Female,,Local,,,,,,,,,0.457106781186548,-0.0000000000000000287418396286637
TateModern,TateModern2,TM211,724,2019-05-22 12:39:35,2019-05-22 14:46:35,3,1,4,2,5,5,4,4,1,1,1,3,4,4,4,4,4,57,Female,,Local,61.79,63.29,59.97,71.95,16.6,1.7,0.034,0.226,0.633883476483185,0.676776695296637
TateModern,TateModern2,TM212,695,2019-05-22 12:36:30,2019-05-22 12:43:41,4,3,4,2,3,4,3,4,4,1,3,1,3,4,4,2,2,35,Female,Too much works in progress in london !,Tourist,67.38,70.14,63.5,72.43,24.5,2.09,0.0363,0.444,-0.103553390593274,0.439339828220179
TateModern,TateModern2,TM213,696,2019-05-22 12:47:55,2019-05-22 12:52:07,1,3,4,1,3,3,4,4,4,2,1,1,3,3,4,5,4,41,Male,,Local,65.6,67.04,63.35,74.43,21.5,1.71,0.036,0.259,-0.25,0.603553390593274
TateModern,TateModern2,TM214,722,2019-05-22 12:50:00,2019-05-22 17:48:37,3,2,4,4,5,5,3,2,1,1,2,5,5,5,3,1,5,38,Female,peaceful and inviting,Tourist,65.11,68.07,61.74,73.93,21,1.73,0.033,0.29,0.926776695296637,0.176776695296637
TateModern,TateModern2,TM215,719,2019-05-22 12:55:17,2019-05-22 13:00:17,4,3,2,2,3,4,4,4,4,3,1,2,3,3,4,4,4,39,Male,,Local,75.4,79.31,66.71,76.94,37.7,2.4,0.0365,0.82,-0.176776695296637,0.530330085889911
TateModern,TateModern2,TM215,720,2019-05-22 12:55:00,2019-05-22 13:00:00,3,1,4,3,4,5,5,5,1,1,1,1,3,5,3,4,4,38,Male,,Other,75.4,79.31,66.71,76.94,37.7,2.4,0.0365,0.82,0.310660171779821,1
TateModern,TateModern2,TM216,697,2019-05-22 13:01:56,2019-05-22 13:04:29,3,2,4,3,4,4,4,3,1,3,3,3,4,4,3,3,4,23,Male,,Other,59.54,61.38,57.37,69.9,15.5,1.61,0.031,0.205,0.383883476483184,0.176776695296637
TateModern,TateModern2,TM216,735,2019-05-22 13:01:56,2019-05-22 13:04:29,4,4,2,2,5,5,4,5,2,2,2,2,4,3,4,2,4,23,Male,,Local,59.54,61.38,57.37,69.9,15.5,1.61,0.031,0.205,0.310660171779821,0.646446609406726
TateModern,TateModern2,TM217,717,2019-05-22 13:06:43,2019-05-22 13:11:43,4,4,4,3,3,2,2,2,2,2,2,3,3,3,3,4,3,28,Female,,Local,62.52,64.35,60.55,72.78,17.5,1.58,0.034,0.293,0.176776695296637,-0.0732233047033631
TateModern,TateModern2,TM217,718,2019-05-22 13:06:17,2019-05-22 13:11:17,3,2,2,4,5,2,3,2,1,1,2,4,4,3,1,2,4,73,Female,,Tourist,62.52,64.35,60.55,72.78,17.5,1.58,0.034,0.293,0.633883476483184,0.0303300858899106
TateModern,TateModern2,TM218,699,2019-05-22 13:10:08,2019-05-22 13:20:20,4,4,5,2,3,5,5,4,3,1,1,3,3,3,4,3,3,28,Female,,Local,62.43,64.48,59.93,70.58,18.1,1.71,0.0315,0.275,0.219669914110089,0.780330085889911
TateModern,TateModern2,TM219,700,2019-05-22 13:26:30,2019-05-22 13:28:59,3,1,5,4,5,4,5,1,1,1,1,3,5,5,3,4,4,22,Female,,Local,59.65,61.33,57.58,69.43,15.5,1.58,0.0305,0.166,0.780330085889911,0.487436867076458
TateModern,TateModern2,TM220,716,2019-05-22 13:25:54,2019-05-22 13:33:00,3,2,3,3,4,2,3,3,2,3,4,5,1,3,4,4,4,32,Male,,Local,66.55,69.2,62.19,73.36,22.2,1.54,0.0418,0.254,0.280330085889911,-0.323223304703363
TateModern,TateModern2,TM221,701,2019-05-22 13:36:31,2019-05-22 13:41:04,3,3,4,4,4,3,4,2,3,3,1,1,3,2,3,5,4,29,Female,,Local,61.19,62.58,59.66,75.35,16.5,1.71,0.0345,0.173,0.0303300858899107,0.383883476483184
TateModern,TateModern2,TM221,734,2019-05-22 13:34:00,2019-05-22 13:42:58,2,4,3,3,4,4,4,5,3,1,2,1,4,4,4,5,4,25,Male,,Local,61.19,62.58,59.66,75.35,16.5,1.71,0.0345,0.173,0.0303300858899107,0.719669914110089
TateModern,TateModern2,TM222,715,2019-05-22 13:40:00,2019-05-22 13:50:21,4,4,3,2,4,3,4,2,2,2,2,3,4,3,3,2,3,56,Male,,Local,60.45,62.51,58.15,69.2,16.1,1.76,0.0365,0.191,0.353553390593274,0.207106781186547
TateModern,TateModern2,TM223,702,2019-05-22 13:45:32,2019-05-22 13:49:35,2,2,3,2,4,3,3,2,1,1,2,4,5,3,2,1,4,63,Female,,Local,65.3,67.76,61.4,76.66,22.5,1.72,0.0375,0.216,0.603553390593274,0.103553390593274
TateModern,TateModern2,TM223,733,2019-05-22 13:44:39,2019-05-22 13:49:39,2,2,3,2,2,3,3,4,4,4,2,2,3,4,3,2,3,62,Male,,Tourist,65.3,67.76,61.4,76.66,22.5,1.72,0.0375,0.216,-0.426776695296637,0.176776695296637
TateModern,TateModern2,TM224,703,2019-05-22 13:53:16,2019-05-22 13:55:19,2,1,3,3,4,4,3,2,2,3,3,4,4,2,2,2,3,27,Female,,Other,,,,,,,,,0.426776695296637,-0.0732233047033632
TateModern,TateModern2,TM224,704,2019-05-22 13:53:10,2019-05-22 13:55:55,2,1,3,4,5,3,1,3,1,1,4,5,4,4,2,2,3,27,Female,,Local,,,,,,,,,0.707106781186548,-0.310660171779821
TateModern,TateModern2,TM224,731,2019-05-22 13:52:19,2019-05-22 13:58:19,2,3,5,4,5,5,3,3,2,1,3,4,5,3,3,4,5,26,Female,,Local,,,,,,,,,0.676776695296637,0.219669914110089
TateModern,TateModern2,TM224,732,2019-05-22 18:44:03,2019-05-22 13:58:00,2,2,5,4,5,4,4,1,1,1,3,5,4,4,3,3,3,23,Female,,Other,,,,,,,,,0.926776695296637,0.0303300858899106
TateModern,TateModern2,TM225,714,2019-05-22 14:00:00,2019-05-22 14:08:00,2,3,4,3,4,5,4,4,1,3,1,5,5,5,3,3,5,57,Male,the road should be changed,Local,,,,,,,,,0.530330085889911,0.383883476483184
TateModern,TateModern2,TM226,705,2019-05-22 14:11:06,2019-05-22 14:13:42,4,3,4,3,4,5,3,2,2,4,2,4,4,5,2,2,4,24,Female,,Tourist,64.16,66.62,59.21,71.14,19.2,1.85,0.0307,0.332,0.426776695296637,0.0303300858899106
TateModern,TateModern2,TM227,712,2019-05-22 14:22:00,2019-05-22 14:27:00,3,1,2,4,5,2,4,2,1,5,4,5,4,5,3,3,,80,Male,,Other,,,,,,,,,0.414213562373095,-0.439339828220179
TateModern,TateModern2,TM227,713,2019-05-22 14:22:00,2019-05-22 14:27:00,2,1,3,3,5,5,1,1,1,1,2,5,4,5,3,3,3,75,Female,,Tourist,,,,,,,,,1,-0.103553390593274
TateModern,TateModern2,TM228,711,2019-05-22 14:38:00,2019-05-22 14:42:00,2,3,3,3,3,4,2,4,3,3,3,4,4,3,2,4,4,20,Female,,Other,,,,,,,,,0.0732233047033631,-0.0303300858899107
TateModern,TateModern2,TM229,706,2019-05-22 14:40:52,2019-05-22 14:45:45,2,1,3,2,3,4,2,2,1,3,3,1,3,3,3,1,2,57,Male,,Tourist,61.5,63.11,59.37,70.37,17.3,1.58,0.0344,0.236,0.207106781186547,0.0428932188134525
TateModern,TateModern2,TM229,707,2019-05-22 14:40:50,2019-05-22 14:44:22,2,1,4,2,2,3,3,3,4,2,3,1,3,2,3,1,2,51,Male,,Tourist,61.5,63.11,59.37,70.37,17.3,1.58,0.0344,0.236,-0.280330085889911,0.219669914110089
TateModern,TateModern2,TM230,730,2019-05-22 14:45:00,2019-05-22 14:55:22,2,1,5,3,4,4,4,2,1,1,4,3,4,4,3,4,4,65,Male,the openess dissipates sound. in winter the river is more audible more boats,Local,61.67,64.14,58.6,69.68,18.1,1.7,0.0301,0.33,0.603553390593274,0.146446609406726
TateModern,TateModern2,TM231,710,2019-05-22 14:51:00,2019-05-22 15:51:00,2,4,4,4,4,3,3,4,2,1,3,4,4,2,3,5,5,34,Female,,Local,58.62,59.97,57.17,76.1,14.6,1.53,0.0304,0.444,0.353553390593274,0.146446609406726
TateModern,TateModern2,TM232,708,2019-05-22 15:10:51,2019-05-22 15:13:21,2,4,2,3,4,3,2,2,2,2,3,4,3,2,3,3,4,34,Female,,Local,61.92,63.64,59.8,70.95,16.7,1.39,0.0349,0.225,0.426776695296637,-0.176776695296637
TateModern,TateModern2,TM232,709,2019-05-22 15:10:38,2019-05-22 15:13:13,2,2,4,4,5,4,3,1,1,1,2,4,4,4,3,1,4,28,Male,,Tourist,61.92,63.64,59.8,70.95,16.7,1.39,0.0349,0.225,0.853553390593274,0.103553390593274
TateModern,TateModern3,TM301,784,2019-05-24 10:38:23,2019-05-24 10:42:23,2,1,3,1,4,3,4,2,1,3,2,4,4,3,2,2,3,73,Female,,Tourist,57.7,58.22,56.77,72.02,13.4,1.4,0.032,0.443,0.457106781186548,0.0606601717798213
TateModern,TateModern3,TM301,785,2019-05-24 10:38:41,2019-05-24 10:46:00,2,1,3,1,4,1,3,1,1,3,3,4,4,5,2,1,3,73,Male,,Tourist,57.7,58.22,56.77,72.02,13.4,1.4,0.032,0.443,0.383883476483184,-0.366116523516816
TateModern,TateModern3,TM302,787,2019-05-24 12:35:00,2019-05-24 12:39:43,2,2,4,2,4,5,3,1,1,1,3,4,,,,,,,,,,,,,,,,,,0.823223304703363,0.0732233047033631
TateModern,TateModern3,TM303,738,2019-05-24 10:34:19,2019-05-24 10:42:45,4,3,3,2,4,3,3,3,3,3,3,3,3,1,3,1,3,56,Female,,Tourist,57.97,60.7,54.44,66.49,13.6,1.58,0.0287,0.218,0.103553390593274,0
TateModern,TateModern3,TM304,739,2019-05-24 10:47:14,2019-05-24 10:51:58,2,1,3,3,4,3,3,2,2,2,3,4,4,4,3,3,3,70,Male,,Local,58.54,60.27,55.43,70.95,14.1,1.69,0.03,0.284,0.426776695296637,-0.0732233047033632
TateModern,TateModern3,TM304,764,2019-05-24 10:48:50,2019-05-24 10:54:50,2,2,3,2,4,3,4,1,1,4,3,4,4,3,3,3,3,67,Female,,Local,58.54,60.27,55.43,70.95,14.1,1.69,0.03,0.284,0.457106781186548,-0.189339828220179
TateModern,TateModern3,TM305,740,2019-05-24 10:50:34,2019-05-24 10:52:07,2,2,2,3,5,4,4,2,2,2,2,4,4,4,1,1,3,27,Female,,Tourist,,,,,,,,,0.603553390593274,0.207106781186547
TateModern,TateModern3,TM306,782,2019-05-24 11:53:01,2019-05-24 10:58:01,4,4,4,3,4,4,4,2,2,1,2,3,4,3,2,4,5,32,Male,,Local,56.17,58.55,53.52,69.03,12.3,1.57,0.0256,0.247,0.5,0.353553390593274
TateModern,TateModern3,TM306,783,2019-05-24 10:53:19,2019-05-24 10:58:19,4,4,4,2,4,4,2,2,1,2,4,3,4,4,3,3,3,33,Female,the rustling of the trees is lovely!,Local,56.17,58.55,53.52,69.03,12.3,1.57,0.0256,0.247,0.530330085889911,-0.133883476483184
TateModern,TateModern3,TM307,781,2019-05-24 11:05:31,2019-05-24 11:09:00,3,4,5,2,4,4,4,2,1,2,2,4,4,3,2,5,4,18,Female,,Local,55.9,57.73,53.53,68.14,12.8,1.43,0.029,0.199,0.603553390593274,0.207106781186547
TateModern,TateModern3,TM307,791,2019-05-24 11:05:39,2019-05-24 11:09:39,1,3,4,3,5,4,4,4,2,1,1,3,4,3,3,4,5,21,Male,,Local,55.9,57.73,53.53,68.14,12.8,1.43,0.029,0.199,0.457106781186548,0.603553390593274
TateModern,TateModern3,TM308,741,2019-05-24 11:10:16,2019-05-24 11:13:55,2,1,3,3,4,4,4,4,1,2,2,2,4,4,2,4,4,48,Male,,Tourist,60.47,63.25,57.74,71.03,14.7,1.44,0.0344,0.421,0.310660171779821,0.5
TateModern,TateModern3,TM309,742,2019-05-24 11:17:48,2019-05-24 11:24:43,2,1,4,3,5,2,3,2,1,1,1,1,5,5,2,2,5,56,Female,I love London,Tourist,62.97,66.2,58.82,72.15,19.5,1.57,0.0412,0.278,0.414213562373095,0.353553390593274
TateModern,TateModern3,TM310,743,2019-05-24 11:21:54,2019-05-24 11:23:48,4,1,3,3,4,4,3,2,2,1,3,2,5,5,4,1,5,22,Male,,Tourist,66.97,67.62,60.39,74.94,22.2,1.54,0.054,0.343,0.426776695296637,0.219669914110089
TateModern,TateModern3,TM310,788,2019-05-24 11:22:52,2019-05-24 11:27:52,3,1,3,4,4,3,4,2,1,1,2,4,4,4,2,1,3,18,Female,,Tourist,66.97,67.62,60.39,74.94,22.2,1.54,0.054,0.343,0.603553390593274,0.207106781186547
TateModern,TateModern3,TM310,789,2019-05-24 11:22:33,2019-05-24 11:28:33,4,2,3,4,4,4,4,2,1,1,1,3,4,3,4,1,3,39,Male,,Tourist,66.97,67.62,60.39,74.94,22.2,1.54,0.054,0.343,0.603553390593274,0.457106781186548
TateModern,TateModern3,TM311,744,2019-05-24 11:31:12,2019-05-24 11:35:34,3,2,3,3,4,4,4,2,5,5,2,4,4,3,2,2,3,60,Female,,Tourist,57.77,59.47,56.02,68.42,12.6,1.37,0.0314,0.235,-0.0303300858899106,-0.0125631329235418
TateModern,TateModern3,TM311,786,2019-05-24 11:32:46,2019-05-24 11:37:46,2,1,2,2,4,3,3,2,2,3,3,4,4,4,3,2,3,67,Male,it is what i expected,Tourist,57.77,59.47,56.02,68.42,12.6,1.37,0.0314,0.235,0.353553390593274,-0.146446609406726
TateModern,TateModern3,TM312,745,2019-05-24 11:37:16,2019-05-24 11:38:40,4,4,3,3,4,4,4,3,2,2,2,2,4,2,3,4,5,27,Female,,Local,63.04,65.03,60.12,70.74,18,1.66,0.0327,0.25,0.280330085889911,0.426776695296637
TateModern,TateModern3,TM313,776,2019-05-24 11:39:14,2019-05-24 11:44:14,2,1,3,4,3,4,3,3,1,1,4,4,4,3,3,2,3,62,Male,,Other,,,,,,,,,0.5,0.0428932188134524
TateModern,TateModern3,TM314,780,2019-05-24 11:44:46,2019-05-24 11:47:46,2,1,4,4,5,2,1,1,1,3,4,5,5,5,1,5,5,20,Female,,Local,,,,,,,,,0.633883476483184,-0.676776695296637
TateModern,TateModern3,TM316,779,2019-05-24 11:50:02,2019-05-24 11:55:02,3,1,4,2,3,4,3,1,2,1,3,1,3,4,3,3,3,67,Female,,Tourist,60.92,62.71,58.98,75.16,16.2,1.67,0.0294,0.479,0.323223304703363,0.219669914110089
TateModern,TateModern3,TM318,763,2019-05-24 11:47:17,2019-05-24 11:57:17,4,4,3,4,2,2,3,3,2,1,2,3,5,4,3,3,5,24,Female,,Tourist,63.75,67.11,60.23,71.43,21,1.76,0.0327,0.324,0.0732233047033631,0.176776695296637
TateModern,TateModern3,TM319,746,2019-05-24 11:50:52,2019-05-24 11:53:33,2,1,4,3,5,4,3,3,2,3,4,4,4,4,2,1,3,25,Female,,Tourist,61.36,63.01,57.83,74,17.7,1.71,0.0294,0.564,0.457106781186548,-0.103553390593274
TateModern,TateModern3,TM319,775,2019-05-24 11:50:39,2019-05-24 11:55:39,2,2,4,3,5,3,3,1,2,2,4,4,4,4,1,4,4,39,Male,,Tourist,61.36,63.01,57.83,74,17.7,1.71,0.0294,0.564,0.603553390593274,-0.25
TateModern,TateModern3,TM320,778,2019-05-24 12:02:10,2019-05-24 12:05:10,3,3,4,2,3,4,4,4,3,1,2,2,3,4,3,3,3,27,Male,,Local,62.4,64.84,58.63,70.07,17.8,1.65,0.0325,0.28,0.0732233047033632,0.573223304703363
TateModern,TateModern3,TM321,748,2019-05-24 12:10:02,2019-05-24 12:13:07,2,1,3,2,5,3,4,2,2,2,2,5,5,4,2,1,4,29,Male,,Tourist,65.75,68.55,62.19,75.84,24.3,1.77,0.0392,0.269,0.603553390593274,0.0606601717798212
TateModern,TateModern3,TM321,774,2019-05-24 12:09:00,2019-05-24 12:14:00,2,1,4,2,4,3,4,2,3,2,3,4,4,3,2,2,3,27,Male,,Tourist,65.75,68.55,62.19,75.84,24.3,1.77,0.0392,0.269,0.323223304703363,0.0303300858899106
TateModern,TateModern3,TM322,747,2019-05-24 12:09:01,2019-05-24 12:11:00,2,2,4,3,4,4,4,2,2,1,2,4,4,4,3,2,3,41,Male,,Tourist,,,,,,,,,0.573223304703363,0.280330085889911
TateModern,TateModern3,TM323,777,2019-05-24 12:18:26,2019-05-24 12:23:26,2,1,5,3,5,5,5,1,1,1,1,5,5,5,4,1,3,69,Female,,Other,,,,,,,,,1,0.414213562373095
TateModern,TateModern3,TM324,749,2019-05-24 12:20:18,2019-05-24 12:22:55,3,2,4,3,4,5,4,4,2,2,1,2,4,4,3,4,4,28,Female,,Local,,,,,,,,,0.280330085889911,0.676776695296637
TateModern,TateModern3,TM324,773,2019-05-24 12:24:00,2019-05-24 12:39:21,2,2,2,2,5,4,2,2,1,1,4,4,4,4,2,1,2,60,Female,seagulls,Tourist,,,,,,,,,0.780330085889911,-0.133883476483184
TateModern,TateModern3,TM325,767,2019-05-24 12:30:13,2019-05-24 12:37:13,2,2,4,1,4,5,3,4,3,1,1,2,4,4,3,1,3,52,Female,,Tourist,74.09,78.35,66.25,75.39,35.7,2.45,0.0376,0.734,0.25,0.646446609406726
TateModern,TateModern3,TM325,772,2019-05-24 12:30:00,2019-05-24 12:35:00,1,2,4,3,4,4,4,4,2,1,1,4,4,4,3,1,1,,RatherNotSay,,Tourist,74.09,78.35,66.25,75.39,35.7,2.45,0.0376,0.734,0.426776695296637,0.530330085889911
TateModern,TateModern3,TM326,771,2019-05-24 17:43:00,2019-05-24 12:46:00,4,4,3,2,4,4,4,3,4,2,2,2,2,3,3,5,5,29,Female,i believe sirens are a big problem,Local,62.41,64.8,59.48,71.98,19.1,1.73,0.0319,0.243,0.0732233047033632,0.426776695296637
TateModern,TateModern3,TM327,751,2019-05-24 12:47:44,2019-05-24 12:51:24,1,2,4,1,4,2,4,4,1,2,3,4,4,4,3,1,3,19,Female,,Tourist,63.57,65.93,61.19,75.01,19.6,1.61,0.0357,0.328,0.310660171779821,0.103553390593274
TateModern,TateModern3,TM328,752,2019-05-24 12:50:27,2019-05-24 12:55:12,2,2,4,2,4,4,5,2,2,3,3,3,4,3,4,3,3,24,Female,,Local,63.94,67.05,58.67,70.46,18.3,1.65,0.0383,0.243,0.353553390593274,0.207106781186547
TateModern,TateModern3,TM329,753,2019-05-24 12:58:40,2019-05-24 13:02:13,3,2,3,2,4,4,2,2,2,2,3,2,4,2,3,3,3,49,Female,,Local,63.33,65.82,59.7,69.16,18.3,1.72,0.0322,0.327,0.353553390593274,0.0428932188134525
TateModern,TateModern3,TM330,754,2019-05-24 12:58:33,2019-05-24 13:03:14,3,1,4,2,4,3,2,1,1,3,2,4,4,4,3,2,3,26,Male,Time-varying,Local,62.33,64.34,59.4,69.41,17.1,1.53,0.0369,0.218,0.530330085889911,-0.219669914110089
TateModern,TateModern3,TM331,761,2019-05-24 13:03:12,2019-05-24 13:07:12,1,1,4,4,5,5,5,2,1,1,1,5,5,5,3,1,4,25,Female,,Tourist,62.3,64.45,59.59,68.92,17.3,1.54,0.0344,0.239,0.926776695296637,0.487436867076458
TateModern,TateModern3,TM332,755,2019-05-24 13:08:50,2019-05-24 13:11:23,2,1,4,2,5,4,4,2,1,1,2,4,4,4,3,3,4,20,Female,,Local,58.94,60.72,57.25,71.09,14.7,1.5,0.0313,0.276,0.780330085889911,0.280330085889911
TateModern,TateModern3,TM332,765,2019-05-24 13:05:31,2019-05-24 13:12:31,3,2,5,4,4,5,4,4,3,4,1,2,3,4,4,2,3,26,Male,,Tourist,58.94,60.72,57.25,71.09,14.7,1.5,0.0313,0.276,0.0303300858899107,0.530330085889911
TateModern,TateModern3,TM333,756,2019-05-24 13:10:37,2019-05-24 13:15:32,2,3,4,3,4,2,4,3,1,3,2,4,4,4,3,2,3,29,Male,,Tourist,61.92,63.9,59.82,72.92,16.9,1.46,0.0335,0.329,0.310660171779821,0.0606601717798213
TateModern,TateModern3,TM334,757,2019-05-24 13:16:44,2019-05-24 13:20:22,2,1,3,2,5,5,3,4,3,2,2,4,4,4,3,2,4,43,Female,,Other,65.37,68.95,59.7,69.56,21,1.76,0.0368,0.254,0.426776695296637,0.323223304703363
TateModern,TateModern3,TM334,762,2019-05-24 13:18:45,2019-05-24 13:23:45,3,2,2,2,3,2,2,3,3,2,3,4,3,3,4,2,3,45,Male,,Other,65.37,68.95,59.7,69.56,21,1.76,0.0368,0.254,0.0732233047033631,-0.176776695296637
TateModern,TateModern3,TM335,758,2019-05-24 13:20:15,2019-05-24 13:22:29,1,1,3,3,5,1,3,1,3,3,1,5,4,3,3,4,5,31,Male,,Local,61.6,63.29,59.35,70.45,16.6,1.55,0.0311,0.273,0.353553390593274,-0.232233047033631
TateModern,TateModern3,TM335,769,2019-05-24 13:38:00,2019-05-24 13:23:00,4,4,3,2,4,4,4,3,3,4,2,4,4,3,3,3,4,31,Male,,Local,61.6,63.29,59.35,70.45,16.6,1.55,0.0311,0.273,0.176776695296637,0.133883476483184
TateModern,TateModern3,TM335,770,2019-05-24 13:18:16,2019-05-24 13:23:16,2,1,4,2,5,4,2,1,1,2,3,4,4,4,2,4,4,22,Female,,Local,61.6,63.29,59.35,70.45,16.6,1.55,0.0311,0.273,0.780330085889911,-0.176776695296637
TateModern,TateModern3,TM336,759,2019-05-24 13:29:28,2019-05-24 13:33:11,2,2,4,2,4,3,3,4,2,2,3,2,2,2,3,4,4,29,Female,,Local,63.32,66,58.9,69.62,18.5,1.69,0.0353,0.189,0.133883476483184,0.219669914110089
TateModern,TateModern3,TM336,760,2019-05-24 13:29:17,2019-05-24 13:32:59,4,4,3,2,4,3,5,2,2,4,3,4,4,2,3,4,5,33,Male,,Local,63.32,66,58.9,69.62,18.5,1.69,0.0353,0.189,0.280330085889911,-0.0125631329235419
TateModern,TateModern3,TM336,768,2019-05-24 13:29:00,2019-05-24 13:34:22,1,2,4,4,5,4,2,4,2,4,3,4,4,3,4,4,4,33,Female,occasional helicopters,Local,63.32,66,58.9,69.62,18.5,1.69,0.0353,0.189,0.310660171779821,-0.103553390593274
TateModern,TateModern3,TN327,766,2019-05-24 23:47:00,2019-05-24 12:52:02,2,1,4,1,4,4,3,2,2,2,2,3,4,2,3,2,2,21,Female,this is a quiet place compared to the rest of london,Tourist,,,,,,,,,0.426776695296637,0.176776695296637
CamdenTown,CamdenTown3,CT323,10009,2019-05-20 13:49:00,2019-05-20 13:51:00,4,3,4,2,5,3,4,3,4,2,3,4,3,2,4,1,3,26,Male,,,81.3,87.43,66.09,81.43,65,2.9,0.0435,0.715,0.25,0.103553390593274
CamdenTown,CamdenTown3,CT323,10010,2019-05-20 13:49:00,2019-05-20 13:52:00,5,3,3,1,2,3,4,4,3,1,2,1,3,4,4,1,3,26,Female,,,81.3,87.43,66.09,81.43,65,2.9,0.0435,0.715,-0.176776695296637,0.573223304703363
